transaction_id,sender_account_id,receiver_account_id,timestamp,amount,currency,transaction_type,channel,beneficiary_id,device_id,geo_event_id,is_international,balance_after
TXN000001,ACC000001,ACC000115,2025-06-14 13:31:05,35860.52,INR,cash_withdrawal,IMPS,BENE000002,DEV000001,GEO000004,False,187606.28
TXN000002,ACC000001,ACC000162,2025-11-15 04:49:05,4043.12,INR,bill_payment,mobile_app,BENE000002,DEV000002,GEO000004,False,199755.03
TXN000003,ACC000001,ACC000030,2025-03-11 20:49:44,48580.62,INR,cash_deposit,UPI,BENE000002,DEV000002,GEO000002,False,186610.18
TXN000004,ACC000001,ACC000200,2025-05-03 02:54:48,7513.76,INR,cash_withdrawal,mobile_app,BENE000002,DEV000002,GEO000002,False,449473.24
TXN000005,ACC000001,ACC000144,2025-01-26 17:21:22,23258.33,INR,merchant_payment,ATM,,DEV000001,GEO000001,False,358416.55
TXN000006,ACC000001,ACC000207,2025-11-30 22:58:00,40346.43,INR,merchant_payment,NEFT,,DEV000002,GEO000003,False,99877.06
TXN000007,ACC000001,ACC000013,2025-11-08 17:56:27,29737.27,INR,transfer,branch,BENE000001,DEV000002,GEO000001,False,301113.91
TXN000008,ACC000001,ACC000152,2025-05-29 16:29:26,14338.03,INR,transfer,branch,,DEV000001,GEO000001,False,142898.54
TXN000009,ACC000001,ACC000216,2025-06-06 10:28:07,2413.09,INR,merchant_payment,mobile_app,BENE000001,DEV000002,GEO000001,False,415095.26
TXN000010,ACC000002,ACC000186,2025-04-27 21:30:26,8997.56,INR,cash_withdrawal,NEFT,BENE000003,DEV000003,GEO000007,False,197270.42
TXN000011,ACC000002,ACC000179,2025-06-26 13:00:32,16001.14,INR,upi_p2p,net_banking,BENE000003,DEV000004,GEO000005,False,412902.81
TXN000012,ACC000002,ACC000036,2025-02-10 19:56:08,32022.24,INR,upi_p2p,NEFT,BENE000005,DEV000003,GEO000006,False,408257.66
TXN000013,ACC000002,ACC000138,2025-01-02 22:03:24,30118.74,INR,transfer,branch,BENE000005,DEV000003,GEO000005,False,38446.05
TXN000014,ACC000002,ACC000085,2025-09-25 03:53:38,19825.87,INR,cash_deposit,branch,,DEV000003,GEO000006,False,60830.81
TXN000015,ACC000002,ACC000082,2025-12-01 17:26:33,4940.36,INR,merchant_payment,NEFT,,DEV000004,GEO000005,False,121021.2
TXN000016,ACC000002,ACC000123,2025-09-14 19:28:24,15897.6,INR,cash_withdrawal,IMPS,BENE000005,DEV000004,GEO000006,False,355979.31
TXN000017,ACC000002,ACC000091,2025-08-05 21:44:21,26961.69,INR,bill_payment,ATM,,DEV000003,GEO000005,False,31073.2
TXN000018,ACC000002,ACC000004,2025-09-18 09:30:11,7122.63,INR,cash_deposit,ATM,BENE000005,DEV000004,GEO000005,False,380483.49
TXN000019,ACC000003,ACC000182,2025-06-26 07:47:29,39386.3,INR,merchant_payment,net_banking,,DEV000005,GEO000010,False,193402.3
TXN000020,ACC000003,ACC000116,2025-12-04 01:01:48,37304.59,INR,bill_payment,NEFT,BENE000008,DEV000005,GEO000009,False,343446.73
TXN000021,ACC000003,ACC000148,2025-09-09 19:22:02,6303.45,INR,cash_deposit,net_banking,BENE000010,DEV000005,GEO000010,False,94327.85
TXN000022,ACC000003,ACC000008,2025-07-04 22:52:56,39780.75,INR,cash_deposit,IMPS,,DEV000005,GEO000009,False,42949.32
TXN000023,ACC000003,ACC000111,2025-03-24 08:35:55,9207.08,INR,merchant_payment,NEFT,BENE000009,DEV000005,GEO000009,False,49808.54
TXN000024,ACC000003,ACC000167,2025-05-29 13:22:06,43973.7,INR,cash_deposit,ATM,BENE000009,DEV000005,GEO000010,False,265251.81
TXN000025,ACC000003,ACC000127,2025-07-21 09:52:27,26127.21,INR,upi_p2p,mobile_app,BENE000007,DEV000005,GEO000009,False,447634.17
TXN000026,ACC000004,ACC000062,2025-01-26 13:44:31,28595.34,INR,cash_withdrawal,ATM,BENE000012,DEV000007,GEO000014,False,367228.26
TXN000027,ACC000004,ACC000178,2025-04-15 04:25:45,26623.1,INR,bill_payment,ATM,BENE000013,DEV000007,GEO000015,False,367207.25
TXN000028,ACC000004,ACC000025,2025-03-13 21:03:34,27053.64,INR,upi_p2p,RTGS,BENE000013,DEV000007,GEO000015,False,341039.8
TXN000029,ACC000004,ACC000043,2025-03-14 18:10:35,17924.3,INR,cash_deposit,UPI,BENE000013,DEV000006,GEO000015,False,11392.6
TXN000030,ACC000004,ACC000068,2025-12-09 05:54:55,4307.61,INR,upi_p2p,mobile_app,,DEV000007,GEO000014,False,244665.36
TXN000031,ACC000004,ACC000064,2025-07-03 12:39:19,6037.0,INR,transfer,branch,,DEV000006,GEO000015,False,377741.25
TXN000032,ACC000004,ACC000199,2025-02-06 11:18:20,5535.75,INR,upi_p2p,IMPS,,DEV000007,GEO000014,False,494906.77
TXN000033,ACC000005,ACC000170,2025-07-08 22:26:46,11836.63,INR,cash_deposit,mobile_app,,DEV000008,GEO000017,False,445794.84
TXN000034,ACC000005,ACC000199,2025-09-15 20:20:29,39531.9,INR,merchant_payment,RTGS,,DEV000008,GEO000017,False,364379.56
TXN000035,ACC000005,ACC000006,2025-02-27 10:31:53,45116.73,INR,bill_payment,UPI,BENE000017,DEV000008,GEO000017,False,370765.2
TXN000036,ACC000005,ACC000111,2025-05-20 14:02:11,9668.94,INR,transfer,ATM,BENE000016,DEV000008,GEO000018,False,438694.87
TXN000037,ACC000005,ACC000174,2025-07-31 14:59:20,41471.75,INR,cash_deposit,UPI,BENE000016,DEV000008,GEO000018,False,196122.09
TXN000038,ACC000005,ACC000107,2025-04-18 06:48:35,14397.08,INR,transfer,IMPS,,DEV000008,GEO000017,False,283764.55
TXN000039,ACC000005,ACC000203,2025-11-04 17:08:55,16126.23,INR,transfer,mobile_app,BENE000017,DEV000008,GEO000018,False,75963.65
TXN000040,ACC000006,ACC000160,2025-08-05 18:14:59,39926.36,INR,cash_withdrawal,RTGS,,DEV000010,GEO000019,False,8780.61
TXN000041,ACC000006,ACC000011,2025-03-26 09:37:07,17124.43,INR,merchant_payment,net_banking,BENE000018,DEV000009,GEO000020,False,176775.5
TXN000042,ACC000006,ACC000214,2025-01-01 05:58:52,3184.14,INR,bill_payment,IMPS,,DEV000010,GEO000021,False,384673.8
TXN000043,ACC000006,ACC000040,2025-02-03 09:36:37,42849.19,INR,bill_payment,ATM,,DEV000010,GEO000021,False,146110.21
TXN000044,ACC000006,ACC000009,2025-07-03 18:20:11,55989.5,INR,bill_payment,NEFT,,DEV000010,GEO000020,False,49971.21
TXN000045,ACC000006,ACC000067,2025-12-24 08:49:51,18260.95,INR,cash_withdrawal,UPI,,DEV000011,GEO000020,False,161917.47
TXN000046,ACC000006,ACC000149,2025-02-24 01:13:03,41062.61,INR,bill_payment,branch,,DEV000009,GEO000020,False,151230.07
TXN000047,ACC000007,ACC000077,2025-08-09 01:42:05,55641.7,INR,cash_deposit,UPI,BENE000022,DEV000012,GEO000025,False,347372.56
TXN000048,ACC000007,ACC000129,2025-12-30 01:42:41,41172.76,INR,cash_withdrawal,RTGS,BENE000022,DEV000012,GEO000025,False,231180.71
TXN000049,ACC000007,ACC000144,2025-01-11 06:16:19,57458.01,INR,cash_deposit,net_banking,,DEV000012,GEO000026,False,393529.41
TXN000050,ACC000007,ACC000149,2025-07-18 22:06:48,22512.05,INR,merchant_payment,branch,BENE000019,DEV000012,GEO000025,False,231941.1
TXN000051,ACC000008,ACC000215,2025-01-22 02:32:37,5262.61,INR,cash_withdrawal,net_banking,BENE000025,DEV000014,GEO000031,False,283156.26
TXN000052,ACC000008,ACC000177,2025-05-09 16:00:38,51885.98,INR,transfer,mobile_app,BENE000026,DEV000013,GEO000031,False,69064.97
TXN000053,ACC000008,ACC000173,2025-09-06 10:08:20,51164.89,INR,cash_withdrawal,branch,,DEV000013,GEO000030,False,101149.24
TXN000054,ACC000008,ACC000018,2025-01-01 00:19:58,9350.72,INR,transfer,net_banking,BENE000023,DEV000013,GEO000028,False,416530.5
TXN000055,ACC000008,ACC000114,2025-06-01 17:43:02,3528.06,INR,transfer,branch,,DEV000014,GEO000030,False,410315.21
TXN000056,ACC000008,ACC000216,2025-11-26 05:24:01,32893.81,INR,merchant_payment,RTGS,BENE000023,DEV000013,GEO000030,False,93219.12
TXN000057,ACC000008,ACC000210,2025-10-17 04:09:39,39516.43,INR,bill_payment,ATM,BENE000023,DEV000014,GEO000030,False,479586.62
TXN000058,ACC000008,ACC000127,2025-05-23 15:51:05,40128.44,INR,cash_deposit,NEFT,BENE000026,DEV000013,GEO000030,False,74935.1
TXN000059,ACC000008,ACC000073,2025-06-27 12:18:56,7383.56,INR,cash_deposit,mobile_app,,DEV000014,GEO000027,False,446717.27
TXN000060,ACC000008,ACC000159,2025-06-22 14:50:53,2749.38,INR,cash_withdrawal,UPI,BENE000024,DEV000014,GEO000030,False,179516.08
TXN000061,ACC000009,ACC000090,2025-12-17 12:22:50,29972.95,INR,cash_deposit,net_banking,BENE000027,DEV000015,GEO000033,False,230281.39
TXN000062,ACC000009,ACC000220,2025-11-02 12:32:46,6103.76,INR,upi_p2p,branch,,DEV000015,GEO000032,False,322921.87
TXN000063,ACC000009,ACC000097,2025-07-03 05:03:00,25741.02,INR,bill_payment,branch,,DEV000015,GEO000034,False,290781.63
TXN000064,ACC000009,ACC000150,2025-08-28 19:17:03,35186.27,INR,transfer,mobile_app,BENE000027,DEV000015,GEO000033,False,250217.52
TXN000065,ACC000009,ACC000174,2025-07-05 00:29:27,13844.8,INR,bill_payment,ATM,,DEV000015,GEO000033,False,192657.65
TXN000066,ACC000009,ACC000108,2025-12-25 05:09:56,2913.7,INR,merchant_payment,branch,,DEV000015,GEO000032,False,37367.97
TXN000067,ACC000010,ACC000156,2025-09-03 04:05:13,35287.76,INR,bill_payment,IMPS,BENE000029,DEV000016,GEO000039,False,98663.26
TXN000068,ACC000010,ACC000126,2025-06-19 21:56:02,28533.38,INR,bill_payment,ATM,,DEV000016,GEO000039,False,404527.44
TXN000069,ACC000010,ACC000050,2025-02-03 09:44:55,24495.66,INR,upi_p2p,net_banking,,DEV000016,GEO000036,False,446752.21
TXN000070,ACC000010,ACC000093,2025-10-28 17:47:51,17230.0,INR,merchant_payment,net_banking,,DEV000016,GEO000037,False,478914.06
TXN000071,ACC000010,ACC000187,2025-09-07 10:02:22,22243.79,INR,bill_payment,ATM,BENE000029,DEV000016,GEO000040,False,400996.35
TXN000072,ACC000010,ACC000113,2025-06-16 00:41:53,26305.51,INR,transfer,net_banking,BENE000028,DEV000016,GEO000040,False,249857.41
TXN000073,ACC000010,ACC000014,2025-08-22 14:17:21,22760.64,INR,transfer,ATM,BENE000030,DEV000016,GEO000038,False,34908.46
TXN000074,ACC000010,ACC000041,2025-04-22 20:59:51,3321.0,INR,merchant_payment,ATM,,DEV000016,GEO000039,False,273424.87
TXN000075,ACC000011,ACC000150,2025-07-02 21:50:22,56228.23,INR,cash_withdrawal,mobile_app,BENE000032,DEV000017,GEO000042,False,167936.08
TXN000076,ACC000011,ACC000196,2025-01-24 01:34:23,8529.46,INR,merchant_payment,IMPS,BENE000032,DEV000017,GEO000041,False,173576.94
TXN000077,ACC000011,ACC000019,2025-06-11 15:38:22,35969.23,INR,merchant_payment,net_banking,BENE000032,DEV000017,GEO000041,False,52926.55
TXN000078,ACC000011,ACC000128,2025-07-17 03:12:52,13669.65,INR,cash_withdrawal,NEFT,,DEV000017,GEO000042,False,438348.45
TXN000079,ACC000012,ACC000006,2025-12-28 15:50:48,871.95,INR,bill_payment,NEFT,BENE000033,DEV000018,GEO000045,False,383075.08
TXN000080,ACC000012,ACC000179,2025-02-18 15:17:49,5416.17,INR,cash_deposit,UPI,BENE000033,DEV000018,GEO000044,False,176542.76
TXN000081,ACC000012,ACC000088,2025-06-19 12:42:22,11344.04,INR,bill_payment,ATM,BENE000033,DEV000018,GEO000045,False,373990.37
TXN000082,ACC000012,ACC000207,2025-11-05 00:58:52,6708.92,INR,transfer,mobile_app,BENE000033,DEV000018,GEO000043,False,219839.39
TXN000083,ACC000012,ACC000073,2025-01-17 23:29:40,4013.04,INR,merchant_payment,ATM,,DEV000018,GEO000043,False,239871.98
TXN000084,ACC000012,ACC000032,2025-09-12 23:51:54,1132.29,INR,cash_withdrawal,ATM,,DEV000018,GEO000045,False,179122.2
TXN000085,ACC000013,ACC000114,2025-10-04 22:53:21,18302.59,INR,cash_withdrawal,branch,BENE000036,DEV000019,GEO000047,False,252219.26
TXN000086,ACC000013,ACC000014,2025-05-15 14:52:35,54045.44,INR,upi_p2p,RTGS,BENE000034,DEV000019,GEO000046,False,420871.25
TXN000087,ACC000013,ACC000134,2025-03-31 12:45:02,18435.36,INR,merchant_payment,ATM,,DEV000019,GEO000047,False,394182.09
TXN000088,ACC000013,ACC000010,2025-04-02 07:20:22,41960.85,INR,upi_p2p,RTGS,BENE000034,DEV000019,GEO000046,False,135878.99
TXN000089,ACC000013,ACC000151,2025-05-30 04:47:09,18164.69,INR,transfer,mobile_app,BENE000035,DEV000019,GEO000047,False,192946.96
TXN000090,ACC000013,ACC000012,2025-03-29 04:00:40,12502.66,INR,bill_payment,NEFT,BENE000035,DEV000019,GEO000047,False,468674.72
TXN000091,ACC000014,ACC000213,2025-12-19 10:02:35,15899.46,INR,merchant_payment,ATM,,DEV000020,GEO000050,False,311143.73
TXN000092,ACC000014,ACC000110,2025-10-31 22:28:43,43807.72,INR,upi_p2p,mobile_app,,DEV000020,GEO000051,False,466303.88
TXN000093,ACC000014,ACC000074,2025-11-30 09:55:52,59455.29,INR,merchant_payment,RTGS,BENE000037,DEV000021,GEO000050,False,234198.9
TXN000094,ACC000014,ACC000061,2025-02-21 05:08:33,54481.21,INR,cash_withdrawal,branch,,DEV000020,GEO000049,False,148616.63
TXN000095,ACC000014,ACC000147,2025-06-03 05:56:59,2508.65,INR,cash_withdrawal,IMPS,,DEV000021,GEO000050,False,405319.49
TXN000096,ACC000014,ACC000156,2025-01-05 19:00:32,7633.52,INR,merchant_payment,IMPS,BENE000037,DEV000021,GEO000049,False,220514.73
TXN000097,ACC000014,ACC000120,2025-01-15 08:54:00,57959.95,INR,cash_deposit,ATM,,DEV000021,GEO000048,False,40693.9
TXN000098,ACC000014,ACC000157,2025-08-03 03:52:00,18978.79,INR,transfer,RTGS,,DEV000020,GEO000050,False,138796.03
TXN000099,ACC000015,ACC000033,2025-03-30 07:41:52,37894.22,INR,bill_payment,mobile_app,,DEV000022,GEO000052,False,92943.49
TXN000100,ACC000015,ACC000130,2025-12-01 05:05:46,26530.47,INR,cash_withdrawal,mobile_app,,DEV000022,GEO000052,False,495993.6
TXN000101,ACC000015,ACC000066,2025-01-07 06:13:56,40767.59,INR,cash_withdrawal,mobile_app,BENE000040,DEV000022,GEO000053,False,222462.53
TXN000102,ACC000015,ACC000131,2025-01-31 01:53:18,14371.33,INR,cash_withdrawal,IMPS,,DEV000023,GEO000052,False,438050.72
TXN000103,ACC000015,ACC000037,2025-01-10 14:10:13,19727.12,INR,cash_withdrawal,IMPS,BENE000039,DEV000023,GEO000053,False,311336.27
TXN000104,ACC000015,ACC000042,2025-05-24 00:49:21,2867.71,INR,bill_payment,mobile_app,,DEV000022,GEO000052,False,255887.28
TXN000105,ACC000015,ACC000200,2025-10-16 04:20:45,30589.3,INR,merchant_payment,IMPS,,DEV000022,GEO000053,False,17267.16
TXN000106,ACC000015,ACC000186,2025-02-28 06:47:50,22989.16,INR,upi_p2p,net_banking,,DEV000022,GEO000052,False,498908.67
TXN000107,ACC000015,ACC000162,2025-08-01 21:54:07,44090.28,INR,merchant_payment,net_banking,,DEV000022,GEO000053,False,260647.66
TXN000108,ACC000015,ACC000082,2025-04-15 12:57:53,11862.41,INR,merchant_payment,branch,BENE000039,DEV000022,GEO000053,False,116214.46
TXN000109,ACC000016,ACC000192,2025-02-14 19:45:49,35166.19,INR,cash_deposit,NEFT,BENE000043,DEV000025,GEO000054,False,39145.44
TXN000110,ACC000016,ACC000093,2025-09-11 17:28:34,24626.05,INR,bill_payment,RTGS,,DEV000025,GEO000054,False,413565.17
TXN000111,ACC000016,ACC000033,2025-12-26 12:18:26,27323.23,INR,cash_deposit,UPI,BENE000041,DEV000025,GEO000055,False,41671.47
TXN000112,ACC000016,ACC000108,2025-07-16 03:10:58,49805.77,INR,merchant_payment,RTGS,,DEV000024,GEO000054,False,8740.61
TXN000113,ACC000016,ACC000031,2025-06-12 13:52:24,13487.57,INR,merchant_payment,RTGS,,DEV000024,GEO000054,False,417095.42
TXN000114,ACC000016,ACC000007,2025-09-25 23:42:00,8622.06,INR,transfer,UPI,BENE000042,DEV000025,GEO000055,False,348767.42
TXN000115,ACC000016,ACC000062,2025-10-04 12:10:02,15001.9,INR,cash_withdrawal,IMPS,BENE000043,DEV000024,GEO000056,False,460441.13
TXN000116,ACC000016,ACC000115,2025-12-20 16:05:56,20828.11,INR,cash_deposit,NEFT,,DEV000025,GEO000055,False,366988.12
TXN000117,ACC000017,ACC000039,2025-12-14 19:35:21,665.47,INR,merchant_payment,IMPS,BENE000044,DEV000027,GEO000060,False,254824.93
TXN000118,ACC000017,ACC000151,2025-04-19 11:15:38,56697.13,INR,transfer,ATM,BENE000045,DEV000027,GEO000060,False,143343.34
TXN000119,ACC000017,ACC000099,2025-05-04 17:21:53,45486.55,INR,bill_payment,mobile_app,,DEV000026,GEO000060,False,287993.77
TXN000120,ACC000017,ACC000158,2025-05-03 02:06:59,6148.1,INR,cash_withdrawal,UPI,BENE000045,DEV000026,GEO000059,False,112593.05
TXN000121,ACC000018,ACC000074,2025-12-23 09:31:09,15713.86,INR,merchant_payment,net_banking,BENE000046,DEV000028,GEO000063,False,276529.56
TXN000122,ACC000018,ACC000131,2025-10-21 03:50:57,10297.37,INR,merchant_payment,mobile_app,BENE000046,DEV000028,GEO000062,False,185400.74
TXN000123,ACC000018,ACC000073,2025-08-10 19:38:42,25704.85,INR,cash_deposit,UPI,,DEV000029,GEO000063,False,358409.2
TXN000124,ACC000018,ACC000217,2025-02-16 13:55:38,26775.42,INR,cash_deposit,RTGS,,DEV000029,GEO000062,False,496545.55
TXN000125,ACC000018,ACC000188,2025-09-17 16:52:51,7164.47,INR,cash_withdrawal,net_banking,BENE000048,DEV000028,GEO000062,False,168333.24
TXN000126,ACC000019,ACC000162,2025-10-13 15:33:34,30868.08,INR,transfer,IMPS,BENE000049,DEV000030,GEO000067,False,96008.94
TXN000127,ACC000019,ACC000143,2025-09-14 18:10:55,50290.58,INR,upi_p2p,mobile_app,BENE000049,DEV000030,GEO000065,False,436185.3
TXN000128,ACC000019,ACC000057,2025-09-19 12:03:17,11901.56,INR,cash_deposit,UPI,,DEV000031,GEO000065,False,142017.24
TXN000129,ACC000019,ACC000051,2025-09-04 12:30:38,52576.66,INR,merchant_payment,ATM,BENE000049,DEV000030,GEO000067,False,355285.26
TXN000130,ACC000019,ACC000010,2025-06-12 09:31:39,41341.3,INR,merchant_payment,NEFT,BENE000049,DEV000030,GEO000066,False,439066.94
TXN000131,ACC000019,ACC000216,2025-04-01 01:24:09,52527.34,INR,upi_p2p,RTGS,,DEV000031,GEO000067,False,272163.24
TXN000132,ACC000019,ACC000076,2025-02-07 11:45:17,13292.05,INR,cash_withdrawal,NEFT,BENE000049,DEV000031,GEO000066,False,58793.77
TXN000133,ACC000019,ACC000119,2025-05-04 20:25:08,39704.65,INR,cash_withdrawal,NEFT,,DEV000030,GEO000067,False,432140.6
TXN000134,ACC000019,ACC000154,2025-06-10 00:08:43,41295.87,INR,transfer,branch,,DEV000031,GEO000065,False,391631.12
TXN000135,ACC000019,ACC000016,2025-08-07 08:37:04,46353.56,INR,cash_withdrawal,IMPS,,DEV000031,GEO000067,False,213174.44
TXN000136,ACC000020,ACC000014,2025-04-15 04:53:52,29233.22,INR,bill_payment,IMPS,BENE000051,DEV000032,GEO000070,False,286680.34
TXN000137,ACC000020,ACC000043,2025-07-28 04:00:15,12530.81,INR,upi_p2p,net_banking,,DEV000032,GEO000069,False,10940.04
TXN000138,ACC000020,ACC000185,2025-01-09 04:49:52,48184.29,INR,transfer,IMPS,,DEV000032,GEO000068,False,259805.85
TXN000139,ACC000020,ACC000093,2025-07-27 22:58:01,12066.7,INR,bill_payment,NEFT,,DEV000032,GEO000070,False,455416.24
TXN000140,ACC000020,ACC000085,2025-06-10 13:07:23,13093.78,INR,upi_p2p,ATM,,DEV000032,GEO000068,False,377805.78
TXN000141,ACC000020,ACC000135,2025-02-09 19:33:44,30189.66,INR,cash_deposit,mobile_app,BENE000051,DEV000032,GEO000070,False,316146.2
TXN000142,ACC000020,ACC000177,2025-04-07 01:05:04,2219.93,INR,upi_p2p,net_banking,BENE000052,DEV000032,GEO000071,False,431129.86
TXN000143,ACC000021,ACC000019,2025-07-15 22:22:15,43382.35,INR,upi_p2p,NEFT,,DEV000033,GEO000072,False,271307.28
TXN000144,ACC000021,ACC000039,2025-02-07 02:39:09,44205.23,INR,cash_deposit,ATM,BENE000054,DEV000033,GEO000073,False,151774.83
TXN000145,ACC000021,ACC000118,2025-03-20 16:59:25,6160.82,INR,upi_p2p,RTGS,BENE000054,DEV000033,GEO000073,False,483476.28
TXN000146,ACC000021,ACC000144,2025-04-19 04:20:52,29104.3,INR,upi_p2p,ATM,,DEV000033,GEO000072,False,364051.17
TXN000147,ACC000022,ACC000196,2025-08-01 06:30:28,42931.81,INR,cash_deposit,ATM,,DEV000034,GEO000078,False,224095.56
TXN000148,ACC000022,ACC000123,2025-08-07 16:58:08,6715.12,INR,cash_withdrawal,IMPS,BENE000055,DEV000034,GEO000075,False,104633.23
TXN000149,ACC000022,ACC000126,2025-08-19 10:58:39,15148.15,INR,bill_payment,NEFT,,DEV000034,GEO000079,False,283752.96
TXN000150,ACC000022,ACC000060,2025-01-23 21:17:41,46091.03,INR,cash_withdrawal,NEFT,,DEV000034,GEO000077,False,19218.35
TXN000151,ACC000022,ACC000177,2025-08-08 13:05:35,36004.06,INR,transfer,branch,,DEV000034,GEO000079,False,273248.78
TXN000152,ACC000022,ACC000081,2025-09-11 05:09:39,14297.21,INR,cash_deposit,RTGS,BENE000055,DEV000034,GEO000075,False,188467.34
TXN000153,ACC000022,ACC000194,2025-01-06 06:59:23,9893.17,INR,upi_p2p,net_banking,BENE000055,DEV000034,GEO000076,False,20491.91
TXN000154,ACC000022,ACC000109,2025-07-12 07:27:15,10409.18,INR,merchant_payment,RTGS,BENE000055,DEV000034,GEO000079,False,149078.76
TXN000155,ACC000023,ACC000076,2025-10-07 14:21:18,55333.82,INR,upi_p2p,branch,,DEV000036,GEO000082,False,83806.89
TXN000156,ACC000023,ACC000075,2025-07-23 05:03:18,41164.43,INR,merchant_payment,IMPS,BENE000058,DEV000036,GEO000083,False,463612.72
TXN000157,ACC000023,ACC000185,2025-11-28 00:54:29,55684.93,INR,bill_payment,RTGS,BENE000057,DEV000035,GEO000082,False,235776.22
TXN000158,ACC000023,ACC000002,2025-05-02 02:33:51,42147.58,INR,bill_payment,net_banking,BENE000059,DEV000036,GEO000082,False,234878.36
TXN000159,ACC000023,ACC000041,2025-01-26 22:21:36,21157.08,INR,merchant_payment,ATM,,DEV000036,GEO000080,False,138015.73
TXN000160,ACC000023,ACC000211,2025-12-20 23:53:44,52111.97,INR,merchant_payment,branch,,DEV000036,GEO000083,False,280995.04
TXN000161,ACC000023,ACC000165,2025-09-14 01:45:04,12314.77,INR,merchant_payment,UPI,BENE000058,DEV000035,GEO000081,False,282266.22
TXN000162,ACC000023,ACC000033,2025-11-06 11:30:06,31434.6,INR,upi_p2p,NEFT,,DEV000036,GEO000082,False,368895.5
TXN000163,ACC000023,ACC000158,2025-09-17 14:50:34,54571.94,INR,bill_payment,UPI,,DEV000035,GEO000081,False,46577.8
TXN000164,ACC000024,ACC000037,2025-03-06 00:13:07,28632.75,INR,transfer,IMPS,BENE000060,DEV000037,GEO000084,False,213277.46
TXN000165,ACC000024,ACC000121,2025-05-08 00:41:37,18292.99,INR,transfer,ATM,,DEV000038,GEO000087,False,353416.05
TXN000166,ACC000024,ACC000091,2025-05-02 01:49:51,50351.24,INR,cash_withdrawal,net_banking,,DEV000037,GEO000085,False,416968.86
TXN000167,ACC000024,ACC000183,2025-02-25 11:46:31,50424.59,INR,merchant_payment,RTGS,,DEV000038,GEO000086,False,279394.64
TXN000168,ACC000024,ACC000112,2025-09-11 05:56:20,21021.19,INR,transfer,IMPS,,DEV000038,GEO000086,False,107676.2
TXN000169,ACC000025,ACC000098,2025-05-26 07:51:05,10904.53,INR,upi_p2p,mobile_app,BENE000062,DEV000039,GEO000091,False,3801.65
TXN000170,ACC000025,ACC000080,2025-05-08 13:23:25,5827.69,INR,cash_withdrawal,branch,BENE000063,DEV000039,GEO000092,False,321195.36
TXN000171,ACC000025,ACC000102,2025-01-18 01:20:22,59745.12,INR,upi_p2p,branch,,DEV000040,GEO000088,False,411839.53
TXN000172,ACC000025,ACC000184,2025-12-27 05:37:26,28354.4,INR,merchant_payment,RTGS,BENE000061,DEV000040,GEO000089,False,20058.6
TXN000173,ACC000025,ACC000008,2025-08-27 00:49:58,53677.06,INR,bill_payment,UPI,BENE000061,DEV000039,GEO000088,False,28967.95
TXN000174,ACC000025,ACC000164,2025-10-03 23:11:13,3927.06,INR,transfer,branch,,DEV000039,GEO000092,False,166999.83
TXN000175,ACC000026,ACC000182,2025-03-07 17:11:04,54362.34,INR,merchant_payment,IMPS,BENE000065,DEV000041,GEO000094,False,33412.5
TXN000176,ACC000026,ACC000212,2025-10-23 15:45:56,30191.24,INR,upi_p2p,branch,BENE000066,DEV000041,GEO000093,False,304655.98
TXN000177,ACC000026,ACC000177,2025-07-16 07:16:58,24673.24,INR,upi_p2p,mobile_app,,DEV000041,GEO000094,False,59739.57
TXN000178,ACC000026,ACC000120,2025-08-09 15:45:31,50199.12,INR,transfer,RTGS,,DEV000041,GEO000093,False,92067.98
TXN000179,ACC000026,ACC000023,2025-03-14 02:27:58,19186.58,INR,upi_p2p,mobile_app,BENE000066,DEV000041,GEO000093,False,230714.2
TXN000180,ACC000026,ACC000186,2025-04-06 19:42:36,18605.38,INR,upi_p2p,ATM,BENE000066,DEV000041,GEO000094,False,89824.01
TXN000181,ACC000026,ACC000036,2025-08-08 10:33:14,19069.35,INR,bill_payment,ATM,BENE000066,DEV000041,GEO000093,False,130417.69
TXN000182,ACC000026,ACC000113,2025-04-13 17:44:22,5726.24,INR,cash_withdrawal,IMPS,,DEV000041,GEO000094,False,343832.9
TXN000183,ACC000027,ACC000010,2025-11-21 04:11:36,35196.33,INR,bill_payment,ATM,,DEV000043,GEO000096,False,341326.86
TXN000184,ACC000027,ACC000074,2025-03-22 13:32:44,20662.43,INR,merchant_payment,branch,,DEV000042,GEO000097,False,129848.71
TXN000185,ACC000027,ACC000120,2025-04-12 07:15:36,2080.59,INR,transfer,UPI,BENE000067,DEV000043,GEO000095,False,186769.09
TXN000186,ACC000027,ACC000097,2025-09-13 15:50:43,35385.77,INR,transfer,IMPS,BENE000067,DEV000042,GEO000097,False,80216.5
TXN000187,ACC000027,ACC000122,2025-05-10 23:44:47,20332.98,INR,transfer,UPI,BENE000067,DEV000043,GEO000096,False,376270.54
TXN000188,ACC000028,ACC000208,2025-08-28 11:14:36,16085.24,INR,merchant_payment,NEFT,,DEV000044,GEO000099,False,127034.81
TXN000189,ACC000028,ACC000096,2025-08-22 09:11:04,11958.85,INR,upi_p2p,NEFT,,DEV000044,GEO000098,False,438838.92
TXN000190,ACC000028,ACC000196,2025-12-30 00:32:34,31551.95,INR,merchant_payment,net_banking,,DEV000044,GEO000099,False,477036.99
TXN000191,ACC000028,ACC000103,2025-08-19 07:52:10,1193.78,INR,merchant_payment,UPI,,DEV000044,GEO000100,False,471480.32
TXN000192,ACC000028,ACC000051,2025-08-09 14:02:03,26365.91,INR,bill_payment,IMPS,BENE000068,DEV000044,GEO000098,False,400943.32
TXN000193,ACC000028,ACC000118,2025-06-03 18:55:49,5954.24,INR,transfer,UPI,BENE000068,DEV000044,GEO000098,False,93112.23
TXN000194,ACC000028,ACC000220,2025-03-20 23:05:53,15392.79,INR,upi_p2p,ATM,,DEV000044,GEO000100,False,388028.65
TXN000195,ACC000028,ACC000002,2025-07-05 09:10:09,5745.0,INR,transfer,RTGS,BENE000069,DEV000044,GEO000100,False,334549.99
TXN000196,ACC000028,ACC000213,2025-06-29 23:59:01,24778.03,INR,transfer,NEFT,,DEV000044,GEO000099,False,67629.61
TXN000197,ACC000028,ACC000198,2025-05-08 00:54:11,31452.97,INR,upi_p2p,NEFT,BENE000069,DEV000044,GEO000100,False,335268.46
TXN000198,ACC000029,ACC000057,2025-12-10 22:16:46,36589.64,INR,bill_payment,IMPS,,DEV000046,GEO000103,False,1794.18
TXN000199,ACC000029,ACC000154,2025-10-19 22:12:25,24011.21,INR,transfer,ATM,BENE000070,DEV000045,GEO000104,False,151667.02
TXN000200,ACC000029,ACC000024,2025-05-12 21:10:37,23167.18,INR,bill_payment,NEFT,BENE000072,DEV000045,GEO000103,False,410816.23
TXN000201,ACC000030,ACC000067,2025-06-13 18:52:21,10935.17,INR,cash_deposit,net_banking,BENE000073,DEV000047,GEO000105,False,328278.43
TXN000202,ACC000030,ACC000104,2025-11-09 01:37:52,48453.55,INR,bill_payment,IMPS,,DEV000047,GEO000108,False,6782.74
TXN000203,ACC000030,ACC000168,2025-09-18 06:40:10,24221.86,INR,transfer,branch,,DEV000047,GEO000107,False,58863.25
TXN000204,ACC000031,ACC000129,2025-05-25 18:59:01,46904.01,INR,upi_p2p,IMPS,,DEV000048,GEO000109,False,490386.52
TXN000205,ACC000031,ACC000137,2025-10-23 00:05:08,23131.62,INR,upi_p2p,net_banking,BENE000075,DEV000048,GEO000109,False,99608.91
TXN000206,ACC000031,ACC000209,2025-08-27 15:44:33,43712.2,INR,cash_deposit,NEFT,BENE000075,DEV000048,GEO000112,False,434080.46
TXN000207,ACC000031,ACC000118,2025-05-23 13:39:30,3194.4,INR,merchant_payment,IMPS,BENE000075,DEV000048,GEO000112,False,383650.04
TXN000208,ACC000031,ACC000007,2025-07-30 18:46:57,16180.68,INR,cash_withdrawal,IMPS,BENE000075,DEV000048,GEO000109,False,318355.37
TXN000209,ACC000031,ACC000153,2025-02-13 08:57:49,21563.22,INR,transfer,NEFT,BENE000075,DEV000048,GEO000110,False,63901.26
TXN000210,ACC000031,ACC000038,2025-09-03 19:14:31,29708.33,INR,cash_withdrawal,IMPS,,DEV000048,GEO000110,False,451886.66
TXN000211,ACC000031,ACC000188,2025-11-15 15:28:49,31508.81,INR,cash_deposit,mobile_app,BENE000075,DEV000048,GEO000111,False,305067.39
TXN000212,ACC000031,ACC000186,2025-09-05 16:51:42,48786.09,INR,transfer,NEFT,,DEV000048,GEO000111,False,374884.23
TXN000213,ACC000031,ACC000109,2025-06-05 15:09:49,1538.53,INR,upi_p2p,branch,,DEV000048,GEO000112,False,397028.75
TXN000214,ACC000032,ACC000078,2025-08-28 01:38:06,30939.57,INR,bill_payment,mobile_app,BENE000079,DEV000049,GEO000114,False,138118.59
TXN000215,ACC000032,ACC000177,2025-10-30 06:21:55,11305.67,INR,merchant_payment,mobile_app,,DEV000049,GEO000113,False,137067.02
TXN000216,ACC000032,ACC000105,2025-03-22 10:39:02,1319.39,INR,cash_deposit,UPI,BENE000078,DEV000049,GEO000114,False,49476.7
TXN000217,ACC000032,ACC000058,2025-01-08 00:27:06,42598.71,INR,bill_payment,net_banking,,DEV000049,GEO000114,False,317751.56
TXN000218,ACC000032,ACC000085,2025-07-30 06:45:13,23464.56,INR,merchant_payment,mobile_app,BENE000079,DEV000049,GEO000114,False,76737.53
TXN000219,ACC000032,ACC000219,2025-10-16 09:15:53,30038.68,INR,merchant_payment,UPI,BENE000076,DEV000049,GEO000114,False,316060.65
TXN000220,ACC000032,ACC000144,2025-05-15 02:25:18,5168.9,INR,upi_p2p,IMPS,,DEV000049,GEO000114,False,226298.09
TXN000221,ACC000033,ACC000008,2025-03-02 13:05:52,37566.79,INR,bill_payment,IMPS,,DEV000050,GEO000118,False,12680.76
TXN000222,ACC000033,ACC000073,2025-08-05 02:23:30,44694.31,INR,bill_payment,NEFT,,DEV000050,GEO000118,False,424984.43
TXN000223,ACC000033,ACC000025,2025-06-03 16:39:16,13254.66,INR,transfer,branch,,DEV000050,GEO000116,False,492206.97
TXN000224,ACC000033,ACC000103,2025-08-02 15:01:38,24629.27,INR,bill_payment,NEFT,,DEV000050,GEO000117,False,315507.55
TXN000225,ACC000033,ACC000171,2025-12-10 14:32:27,41273.26,INR,upi_p2p,IMPS,,DEV000050,GEO000116,False,247921.77
TXN000226,ACC000033,ACC000119,2025-04-22 04:21:17,49603.08,INR,cash_deposit,UPI,BENE000082,DEV000050,GEO000118,False,381704.52
TXN000227,ACC000033,ACC000168,2025-03-08 21:40:44,41064.44,INR,transfer,NEFT,BENE000080,DEV000050,GEO000118,False,309819.11
TXN000228,ACC000033,ACC000036,2025-08-25 18:52:20,37271.23,INR,transfer,NEFT,,DEV000050,GEO000117,False,84062.98
TXN000229,ACC000033,ACC000161,2025-07-03 06:33:10,41124.91,INR,cash_withdrawal,mobile_app,,DEV000050,GEO000119,False,97322.76
TXN000230,ACC000033,ACC000042,2025-06-27 18:42:55,22270.05,INR,bill_payment,UPI,BENE000082,DEV000050,GEO000116,False,33341.6
TXN000231,ACC000034,ACC000053,2025-08-13 07:38:35,12185.5,INR,bill_payment,RTGS,,DEV000051,GEO000121,False,250607.25
TXN000232,ACC000034,ACC000029,2025-11-09 02:54:19,15897.4,INR,cash_withdrawal,UPI,,DEV000051,GEO000123,False,35851.29
TXN000233,ACC000034,ACC000192,2025-01-13 13:16:05,17924.96,INR,cash_deposit,RTGS,,DEV000052,GEO000120,False,478829.83
TXN000234,ACC000035,ACC000184,2025-10-29 14:24:15,11142.1,INR,merchant_payment,mobile_app,,DEV000054,GEO000127,False,30833.35
TXN000235,ACC000035,ACC000208,2025-06-04 17:19:36,15132.08,INR,upi_p2p,mobile_app,,DEV000054,GEO000127,False,256268.29
TXN000236,ACC000035,ACC000167,2025-06-20 21:31:27,7926.26,INR,transfer,net_banking,,DEV000053,GEO000126,False,290326.18
TXN000237,ACC000035,ACC000203,2025-02-13 09:53:59,13215.54,INR,cash_withdrawal,NEFT,,DEV000054,GEO000125,False,397981.0
TXN000238,ACC000036,ACC000068,2025-02-07 17:16:37,11342.51,INR,upi_p2p,net_banking,,DEV000056,GEO000131,False,378733.31
TXN000239,ACC000036,ACC000088,2025-04-25 16:19:17,23468.96,INR,cash_withdrawal,RTGS,BENE000089,DEV000056,GEO000132,False,380900.05
TXN000240,ACC000036,ACC000038,2025-07-22 15:20:07,9938.15,INR,bill_payment,IMPS,BENE000089,DEV000056,GEO000130,False,284252.32
TXN000241,ACC000036,ACC000079,2025-07-04 13:58:32,24275.37,INR,upi_p2p,branch,BENE000090,DEV000055,GEO000129,False,429714.67
TXN000242,ACC000036,ACC000066,2025-09-05 07:03:18,7895.1,INR,bill_payment,branch,BENE000090,DEV000055,GEO000132,False,360848.54
TXN000243,ACC000036,ACC000191,2025-12-04 23:09:19,33831.48,INR,cash_deposit,RTGS,,DEV000055,GEO000130,False,293980.58
TXN000244,ACC000037,ACC000134,2025-05-26 09:18:43,22803.13,INR,cash_deposit,UPI,BENE000091,DEV000058,GEO000134,False,8102.07
TXN000245,ACC000037,ACC000017,2025-05-13 23:05:30,13644.55,INR,bill_payment,ATM,,DEV000057,GEO000135,False,364652.15
TXN000246,ACC000037,ACC000031,2025-09-10 10:24:28,11977.14,INR,cash_deposit,RTGS,,DEV000057,GEO000134,False,182416.61
TXN000247,ACC000037,ACC000009,2025-06-04 18:12:26,37658.84,INR,cash_withdrawal,net_banking,,DEV000058,GEO000133,False,28931.43
TXN000248,ACC000037,ACC000146,2025-07-23 02:14:09,15028.72,INR,cash_withdrawal,UPI,,DEV000057,GEO000134,False,228576.96
TXN000249,ACC000037,ACC000011,2025-08-25 13:34:29,16092.65,INR,cash_withdrawal,net_banking,,DEV000057,GEO000133,False,67141.92
TXN000250,ACC000037,ACC000078,2025-01-24 15:18:14,12622.38,INR,bill_payment,RTGS,,DEV000058,GEO000133,False,390924.88
TXN000251,ACC000037,ACC000082,2025-11-03 19:29:02,38107.56,INR,bill_payment,RTGS,BENE000091,DEV000057,GEO000136,False,50838.08
TXN000252,ACC000038,ACC000154,2025-07-09 05:19:08,18137.67,INR,transfer,NEFT,,DEV000059,GEO000139,False,388920.54
TXN000253,ACC000038,ACC000050,2025-08-17 17:17:44,48384.8,INR,merchant_payment,RTGS,,DEV000059,GEO000138,False,301075.72
TXN000254,ACC000038,ACC000127,2025-09-03 02:32:28,10756.61,INR,merchant_payment,RTGS,BENE000092,DEV000059,GEO000139,False,171230.0
TXN000255,ACC000038,ACC000174,2025-08-06 23:21:45,30283.12,INR,upi_p2p,RTGS,BENE000092,DEV000059,GEO000137,False,446790.23
TXN000256,ACC000038,ACC000131,2025-07-02 17:26:12,29848.12,INR,bill_payment,net_banking,BENE000092,DEV000059,GEO000139,False,171873.43
TXN000257,ACC000038,ACC000176,2025-07-29 04:01:24,49388.95,INR,bill_payment,net_banking,BENE000092,DEV000059,GEO000137,False,160687.91
TXN000258,ACC000039,ACC000027,2025-09-23 22:17:53,6661.67,INR,merchant_payment,ATM,BENE000094,DEV000060,GEO000142,False,393119.75
TXN000259,ACC000039,ACC000219,2025-03-03 08:08:13,13338.69,INR,bill_payment,IMPS,,DEV000060,GEO000143,False,135422.21
TXN000260,ACC000039,ACC000068,2025-07-03 07:11:16,20320.32,INR,cash_withdrawal,IMPS,BENE000094,DEV000060,GEO000142,False,414786.41
TXN000261,ACC000039,ACC000081,2025-06-24 15:34:52,6832.99,INR,merchant_payment,NEFT,,DEV000060,GEO000140,False,202636.47
TXN000262,ACC000039,ACC000105,2025-05-18 07:54:08,14106.82,INR,bill_payment,RTGS,,DEV000060,GEO000140,False,101904.33
TXN000263,ACC000039,ACC000170,2025-10-06 07:52:25,5711.31,INR,cash_withdrawal,mobile_app,,DEV000060,GEO000143,False,163516.88
TXN000264,ACC000039,ACC000144,2025-10-15 00:08:14,4495.1,INR,bill_payment,RTGS,BENE000093,DEV000060,GEO000140,False,163416.04
TXN000265,ACC000039,ACC000123,2025-10-08 02:40:03,12968.67,INR,transfer,NEFT,BENE000094,DEV000060,GEO000141,False,30599.09
TXN000266,ACC000039,ACC000015,2025-09-06 09:46:16,7579.7,INR,merchant_payment,IMPS,BENE000093,DEV000060,GEO000142,False,440544.02
TXN000267,ACC000039,ACC000019,2025-05-07 00:59:00,21243.05,INR,upi_p2p,NEFT,,DEV000060,GEO000141,False,287469.97
TXN000268,ACC000040,ACC000113,2025-04-06 05:40:41,6071.87,INR,merchant_payment,branch,BENE000095,DEV000061,GEO000144,False,435491.94
TXN000269,ACC000040,ACC000180,2025-10-04 06:45:13,13437.02,INR,cash_withdrawal,RTGS,BENE000095,DEV000061,GEO000144,False,230941.04
TXN000270,ACC000040,ACC000086,2025-03-19 06:40:34,12337.5,INR,upi_p2p,branch,BENE000096,DEV000061,GEO000144,False,214238.13
TXN000271,ACC000040,ACC000207,2025-07-08 21:10:50,14494.45,INR,merchant_payment,mobile_app,,DEV000061,GEO000144,False,497831.58
TXN000272,ACC000041,ACC000203,2025-07-29 06:04:03,29622.17,INR,merchant_payment,IMPS,,DEV000062,GEO000146,False,487139.54
TXN000273,ACC000041,ACC000200,2025-02-13 15:02:14,31999.39,INR,merchant_payment,net_banking,,DEV000063,GEO000146,False,383790.53
TXN000274,ACC000041,ACC000111,2025-11-14 14:02:10,16756.52,INR,cash_deposit,UPI,BENE000098,DEV000063,GEO000146,False,227569.49
TXN000275,ACC000041,ACC000200,2025-09-26 23:22:15,44419.62,INR,cash_deposit,mobile_app,BENE000098,DEV000063,GEO000147,False,10416.95
TXN000276,ACC000041,ACC000058,2025-05-06 04:50:22,25743.55,INR,cash_withdrawal,ATM,,DEV000063,GEO000147,False,100965.44
TXN000277,ACC000041,ACC000211,2025-08-12 02:09:14,55536.32,INR,upi_p2p,UPI,BENE000097,DEV000062,GEO000146,False,51347.35
TXN000278,ACC000041,ACC000137,2025-08-22 18:18:52,56680.78,INR,transfer,UPI,BENE000098,DEV000063,GEO000146,False,464304.29
TXN000279,ACC000041,ACC000169,2025-03-23 02:13:28,12261.75,INR,bill_payment,NEFT,,DEV000063,GEO000146,False,109400.67
TXN000280,ACC000042,ACC000007,2025-02-23 07:50:31,23195.93,INR,cash_deposit,net_banking,BENE000101,DEV000065,GEO000148,False,427239.87
TXN000281,ACC000042,ACC000054,2025-05-28 17:44:21,1489.52,INR,cash_deposit,NEFT,,DEV000064,GEO000148,False,295518.38
TXN000282,ACC000042,ACC000032,2025-02-06 01:26:29,25596.21,INR,merchant_payment,net_banking,BENE000100,DEV000064,GEO000148,False,370580.36
TXN000283,ACC000042,ACC000092,2025-10-19 03:32:53,26280.44,INR,cash_deposit,ATM,,DEV000064,GEO000148,False,180569.38
TXN000284,ACC000042,ACC000066,2025-07-17 13:45:22,3134.43,INR,cash_deposit,mobile_app,,DEV000064,GEO000149,False,200753.87
TXN000285,ACC000042,ACC000220,2025-02-08 20:40:58,9493.38,INR,cash_withdrawal,net_banking,BENE000101,DEV000065,GEO000149,False,43141.28
TXN000286,ACC000042,ACC000165,2025-11-11 15:19:34,10410.59,INR,cash_deposit,mobile_app,BENE000099,DEV000065,GEO000149,False,89501.83
TXN000287,ACC000042,ACC000003,2025-02-19 16:33:52,13788.98,INR,bill_payment,RTGS,,DEV000064,GEO000148,False,105702.97
TXN000288,ACC000043,ACC000096,2025-08-28 20:01:48,19974.28,INR,bill_payment,NEFT,,DEV000066,GEO000150,False,482684.79
TXN000289,ACC000043,ACC000190,2025-11-11 08:19:07,38822.31,INR,bill_payment,IMPS,BENE000102,DEV000066,GEO000150,False,153726.34
TXN000290,ACC000043,ACC000161,2025-05-25 22:19:41,43524.81,INR,cash_withdrawal,IMPS,BENE000103,DEV000066,GEO000150,False,18077.16
TXN000291,ACC000043,ACC000037,2025-12-21 19:09:15,19630.05,INR,merchant_payment,NEFT,BENE000103,DEV000066,GEO000150,False,448697.16
TXN000292,ACC000043,ACC000024,2025-06-13 01:35:31,47300.23,INR,transfer,RTGS,,DEV000066,GEO000151,False,268826.87
TXN000293,ACC000043,ACC000035,2025-11-29 19:01:58,28953.74,INR,upi_p2p,mobile_app,BENE000103,DEV000066,GEO000151,False,64971.11
TXN000294,ACC000043,ACC000169,2025-07-29 17:02:06,17624.79,INR,merchant_payment,net_banking,,DEV000066,GEO000151,False,426132.27
TXN000295,ACC000044,ACC000033,2025-03-27 04:07:40,22761.5,INR,bill_payment,ATM,,DEV000067,GEO000153,False,141867.59
TXN000296,ACC000044,ACC000158,2025-02-10 20:47:52,11148.15,INR,cash_withdrawal,UPI,,DEV000067,GEO000154,False,231612.43
TXN000297,ACC000044,ACC000152,2025-07-21 21:58:37,22856.63,INR,cash_withdrawal,UPI,BENE000105,DEV000067,GEO000154,False,290104.91
TXN000298,ACC000044,ACC000218,2025-01-14 07:00:10,32983.06,INR,cash_deposit,mobile_app,BENE000105,DEV000067,GEO000153,False,417854.17
TXN000299,ACC000044,ACC000061,2025-03-04 20:52:46,17590.69,INR,transfer,RTGS,BENE000105,DEV000067,GEO000154,False,226599.95
TXN000300,ACC000044,ACC000055,2025-06-26 00:04:13,27432.98,INR,merchant_payment,RTGS,,DEV000067,GEO000154,False,257730.96
TXN000301,ACC000045,ACC000087,2025-12-13 14:57:11,11341.9,INR,cash_withdrawal,RTGS,BENE000108,DEV000069,GEO000157,False,381871.39
TXN000302,ACC000045,ACC000068,2025-01-25 12:18:00,46960.87,INR,cash_deposit,mobile_app,BENE000109,DEV000068,GEO000155,False,415208.9
TXN000303,ACC000045,ACC000031,2025-08-02 18:42:12,42819.18,INR,bill_payment,IMPS,BENE000106,DEV000069,GEO000156,False,483179.98
TXN000304,ACC000045,ACC000130,2025-03-12 22:04:14,23973.97,INR,merchant_payment,ATM,BENE000106,DEV000068,GEO000157,False,100139.88
TXN000305,ACC000045,ACC000191,2025-05-18 10:55:38,31629.37,INR,bill_payment,mobile_app,BENE000107,DEV000069,GEO000157,False,187861.59
TXN000306,ACC000045,ACC000026,2025-09-22 05:45:31,10105.0,INR,upi_p2p,ATM,,DEV000068,GEO000157,False,305223.11
TXN000307,ACC000045,ACC000220,2025-03-20 12:36:16,16849.6,INR,cash_deposit,branch,,DEV000069,GEO000157,False,446978.5
TXN000308,ACC000045,ACC000120,2025-05-06 00:31:25,8339.97,INR,cash_withdrawal,mobile_app,,DEV000068,GEO000156,False,334391.97
TXN000309,ACC000046,ACC000188,2025-08-27 02:40:01,35720.3,INR,transfer,mobile_app,BENE000111,DEV000070,GEO000158,False,382531.87
TXN000310,ACC000046,ACC000207,2025-04-05 03:55:10,23596.05,INR,bill_payment,NEFT,BENE000112,DEV000070,GEO000158,False,36195.29
TXN000311,ACC000046,ACC000071,2025-02-24 12:59:55,53579.78,INR,transfer,UPI,BENE000112,DEV000070,GEO000159,False,380531.71
TXN000312,ACC000046,ACC000003,2025-09-05 07:00:06,7214.06,INR,cash_withdrawal,net_banking,,DEV000070,GEO000158,False,150112.29
TXN000313,ACC000046,ACC000032,2025-07-30 04:54:14,44626.12,INR,cash_deposit,UPI,,DEV000070,GEO000159,False,474794.47
TXN000314,ACC000046,ACC000011,2025-05-29 03:51:13,50311.05,INR,cash_withdrawal,net_banking,,DEV000070,GEO000159,False,438244.92
TXN000315,ACC000047,ACC000195,2025-04-24 01:18:47,13633.08,INR,transfer,net_banking,,DEV000072,GEO000160,False,332790.39
TXN000316,ACC000047,ACC000215,2025-09-30 11:22:37,57802.02,INR,cash_deposit,mobile_app,,DEV000071,GEO000161,False,366488.87
TXN000317,ACC000047,ACC000065,2025-09-06 15:42:22,30567.85,INR,cash_deposit,branch,BENE000115,DEV000072,GEO000160,False,122129.37
TXN000318,ACC000047,ACC000127,2025-03-27 23:29:13,35546.85,INR,upi_p2p,branch,BENE000115,DEV000071,GEO000162,False,303707.29
TXN000319,ACC000047,ACC000171,2025-05-29 13:58:17,2717.65,INR,transfer,net_banking,,DEV000071,GEO000160,False,120068.54
TXN000320,ACC000047,ACC000149,2025-09-19 05:10:26,42616.46,INR,merchant_payment,NEFT,,DEV000072,GEO000162,False,174304.92
TXN000321,ACC000047,ACC000202,2025-06-20 23:22:53,51163.54,INR,merchant_payment,mobile_app,,DEV000072,GEO000162,False,216466.88
TXN000322,ACC000047,ACC000007,2025-03-25 21:38:03,34102.41,INR,transfer,IMPS,,DEV000071,GEO000161,False,401145.73
TXN000323,ACC000047,ACC000187,2025-06-27 08:02:11,50995.92,INR,cash_withdrawal,IMPS,,DEV000072,GEO000161,False,125101.84
TXN000324,ACC000047,ACC000115,2025-11-01 08:42:17,3058.39,INR,cash_deposit,branch,,DEV000071,GEO000160,False,431877.97
TXN000325,ACC000048,ACC000190,2025-06-05 20:34:53,45248.49,INR,bill_payment,RTGS,BENE000116,DEV000073,GEO000165,False,158950.54
TXN000326,ACC000048,ACC000079,2025-02-09 08:10:02,54867.44,INR,transfer,NEFT,BENE000116,DEV000074,GEO000167,False,378525.67
TXN000327,ACC000048,ACC000052,2025-04-13 19:00:00,51387.36,INR,cash_deposit,IMPS,,DEV000074,GEO000166,False,377630.65
TXN000328,ACC000048,ACC000044,2025-05-06 08:20:21,1152.45,INR,bill_payment,branch,,DEV000074,GEO000167,False,199587.64
TXN000329,ACC000048,ACC000179,2025-01-30 11:46:07,12077.45,INR,transfer,NEFT,,DEV000074,GEO000164,False,266881.05
TXN000330,ACC000048,ACC000102,2025-02-21 15:57:02,55291.25,INR,transfer,branch,,DEV000073,GEO000165,False,221825.49
TXN000331,ACC000048,ACC000011,2025-04-06 11:59:15,32969.64,INR,upi_p2p,branch,BENE000116,DEV000073,GEO000166,False,123430.52
TXN000332,ACC000048,ACC000058,2025-06-21 00:24:52,38944.12,INR,bill_payment,UPI,BENE000116,DEV000073,GEO000165,False,428908.14
TXN000333,ACC000049,ACC000215,2025-06-20 11:18:34,24988.65,INR,merchant_payment,ATM,,DEV000075,GEO000168,False,290866.91
TXN000334,ACC000049,ACC000161,2025-08-12 11:38:48,53338.53,INR,cash_deposit,branch,BENE000117,DEV000075,GEO000169,False,450126.38
TXN000335,ACC000049,ACC000061,2025-05-05 08:03:29,32514.07,INR,transfer,UPI,,DEV000075,GEO000168,False,289900.28
TXN000336,ACC000049,ACC000025,2025-12-23 07:31:41,47096.27,INR,merchant_payment,RTGS,,DEV000075,GEO000168,False,302441.7
TXN000337,ACC000049,ACC000185,2025-05-16 06:47:24,43110.36,INR,upi_p2p,ATM,,DEV000075,GEO000169,False,27547.53
TXN000338,ACC000049,ACC000159,2025-06-20 01:15:11,29928.55,INR,cash_deposit,net_banking,,DEV000075,GEO000168,False,279939.02
TXN000339,ACC000049,ACC000015,2025-12-14 21:50:57,20986.67,INR,upi_p2p,UPI,BENE000117,DEV000075,GEO000169,False,285307.06
TXN000340,ACC000049,ACC000187,2025-01-11 17:02:09,42874.01,INR,cash_deposit,NEFT,BENE000117,DEV000075,GEO000169,False,155602.81
TXN000341,ACC000049,ACC000179,2025-09-20 00:21:28,18418.73,INR,bill_payment,NEFT,,DEV000075,GEO000169,False,485473.37
TXN000342,ACC000049,ACC000014,2025-10-04 13:22:51,45317.09,INR,merchant_payment,net_banking,,DEV000075,GEO000168,False,365459.79
TXN000343,ACC000050,ACC000064,2025-08-22 14:37:25,26272.41,INR,bill_payment,UPI,,DEV000076,GEO000171,False,166563.27
TXN000344,ACC000050,ACC000025,2025-06-06 17:24:28,19542.09,INR,upi_p2p,NEFT,,DEV000076,GEO000171,False,70116.24
TXN000345,ACC000050,ACC000088,2025-03-13 01:35:12,3430.29,INR,cash_withdrawal,UPI,BENE000118,DEV000076,GEO000171,False,130992.28
TXN000346,ACC000050,ACC000052,2025-03-30 00:26:23,12034.36,INR,upi_p2p,net_banking,,DEV000076,GEO000171,False,262409.77
TXN000347,ACC000050,ACC000006,2025-12-08 11:40:54,20625.67,INR,merchant_payment,mobile_app,BENE000120,DEV000076,GEO000170,False,7276.66
TXN000348,ACC000050,ACC000084,2025-05-30 10:09:45,10520.13,INR,merchant_payment,IMPS,BENE000120,DEV000076,GEO000170,False,249602.48
TXN000349,ACC000051,ACC000089,2025-02-07 15:47:11,52351.41,INR,bill_payment,IMPS,,DEV000077,GEO000175,False,439956.3
TXN000350,ACC000051,ACC000046,2025-07-17 00:38:47,9101.22,INR,cash_deposit,mobile_app,,DEV000077,GEO000176,False,397030.09
TXN000351,ACC000051,ACC000031,2025-11-10 11:41:39,56068.03,INR,cash_withdrawal,net_banking,,DEV000078,GEO000173,False,84525.27
TXN000352,ACC000051,ACC000026,2025-07-13 06:26:38,11750.95,INR,bill_payment,IMPS,,DEV000078,GEO000176,False,392247.26
TXN000353,ACC000051,ACC000030,2025-09-17 16:46:59,33356.82,INR,cash_withdrawal,ATM,BENE000124,DEV000078,GEO000173,False,94981.75
TXN000354,ACC000051,ACC000104,2025-01-17 03:39:01,21627.62,INR,cash_deposit,net_banking,,DEV000077,GEO000174,False,281935.35
TXN000355,ACC000052,ACC000194,2025-08-01 04:38:28,31351.17,INR,cash_withdrawal,IMPS,,DEV000079,GEO000178,False,147186.62
TXN000356,ACC000052,ACC000161,2025-06-15 13:34:58,19777.92,INR,cash_deposit,net_banking,BENE000127,DEV000080,GEO000177,False,281065.24
TXN000357,ACC000052,ACC000157,2025-05-31 23:57:33,15015.13,INR,cash_withdrawal,mobile_app,,DEV000079,GEO000177,False,154252.8
TXN000358,ACC000052,ACC000151,2025-10-18 10:28:48,43801.88,INR,merchant_payment,UPI,BENE000125,DEV000080,GEO000179,False,24556.57
TXN000359,ACC000052,ACC000078,2025-05-30 11:32:27,9316.73,INR,merchant_payment,mobile_app,,DEV000080,GEO000179,False,424761.18
TXN000360,ACC000052,ACC000131,2025-05-25 00:19:46,33188.42,INR,transfer,ATM,,DEV000079,GEO000178,False,446285.68
TXN000361,ACC000052,ACC000183,2025-05-05 09:30:37,3733.74,INR,bill_payment,RTGS,,DEV000079,GEO000179,False,8780.76
TXN000362,ACC000052,ACC000098,2025-03-22 00:20:14,43804.03,INR,transfer,branch,,DEV000079,GEO000177,False,457707.25
TXN000363,ACC000052,ACC000085,2025-03-10 18:17:52,48006.19,INR,bill_payment,IMPS,BENE000126,DEV000080,GEO000177,False,311260.11
TXN000364,ACC000053,ACC000109,2025-09-22 05:44:51,34318.28,INR,upi_p2p,branch,BENE000129,DEV000081,GEO000182,False,208527.8
TXN000365,ACC000053,ACC000106,2025-05-27 11:07:22,16829.58,INR,bill_payment,RTGS,BENE000130,DEV000081,GEO000184,False,21857.88
TXN000366,ACC000053,ACC000197,2025-06-24 10:10:41,7907.52,INR,upi_p2p,ATM,BENE000130,DEV000081,GEO000180,False,34183.66
TXN000367,ACC000053,ACC000138,2025-05-08 03:23:21,10208.53,INR,upi_p2p,branch,,DEV000081,GEO000182,False,143067.71
TXN000368,ACC000053,ACC000146,2025-04-12 13:20:56,6687.82,INR,transfer,NEFT,,DEV000081,GEO000180,False,249485.64
TXN000369,ACC000053,ACC000033,2025-07-21 06:12:44,59734.4,INR,cash_deposit,RTGS,BENE000130,DEV000081,GEO000180,False,93054.69
TXN000370,ACC000053,ACC000196,2025-09-27 08:58:37,48423.26,INR,bill_payment,NEFT,,DEV000081,GEO000183,False,221569.89
TXN000371,ACC000054,ACC000170,2025-12-29 13:55:40,30316.43,INR,bill_payment,ATM,,DEV000082,GEO000185,False,474346.12
TXN000372,ACC000054,ACC000088,2025-11-30 19:00:16,57034.78,INR,bill_payment,IMPS,,DEV000082,GEO000186,False,29157.65
TXN000373,ACC000054,ACC000098,2025-03-01 10:58:20,56819.91,INR,merchant_payment,net_banking,,DEV000082,GEO000186,False,168608.43
TXN000374,ACC000055,ACC000007,2025-12-05 09:27:08,10068.26,INR,bill_payment,branch,,DEV000083,GEO000189,False,159459.23
TXN000375,ACC000055,ACC000029,2025-09-23 22:27:07,1659.0,INR,merchant_payment,mobile_app,BENE000136,DEV000083,GEO000190,False,450858.29
TXN000376,ACC000055,ACC000176,2025-04-01 17:53:14,332.2,INR,transfer,mobile_app,,DEV000084,GEO000189,False,381325.95
TXN000377,ACC000055,ACC000010,2025-08-07 21:29:38,12421.51,INR,transfer,RTGS,,DEV000084,GEO000190,False,193996.8
TXN000378,ACC000055,ACC000192,2025-04-03 07:14:09,15497.12,INR,merchant_payment,branch,BENE000136,DEV000084,GEO000190,False,227657.38
TXN000379,ACC000055,ACC000093,2025-03-28 22:20:18,3434.85,INR,upi_p2p,UPI,,DEV000084,GEO000190,False,184670.97
TXN000380,ACC000055,ACC000006,2025-06-17 16:04:35,18242.77,INR,bill_payment,mobile_app,,DEV000084,GEO000190,False,271207.76
TXN000381,ACC000055,ACC000059,2025-06-06 05:03:51,3000.65,INR,upi_p2p,IMPS,BENE000138,DEV000083,GEO000190,False,230830.19
TXN000382,ACC000055,ACC000116,2025-06-22 09:22:53,21533.99,INR,cash_deposit,IMPS,,DEV000084,GEO000190,False,67424.22
TXN000383,ACC000055,ACC000136,2025-03-21 23:16:03,5710.77,INR,upi_p2p,ATM,,DEV000083,GEO000190,False,274554.55
TXN000384,ACC000056,ACC000096,2025-09-08 02:30:55,18552.56,INR,cash_deposit,UPI,,DEV000085,GEO000191,False,226707.59
TXN000385,ACC000056,ACC000214,2025-10-28 19:35:13,52232.63,INR,cash_deposit,mobile_app,BENE000139,DEV000085,GEO000192,False,330166.08
TXN000386,ACC000056,ACC000133,2025-06-17 16:31:00,10982.85,INR,cash_deposit,mobile_app,,DEV000085,GEO000194,False,86998.05
TXN000387,ACC000056,ACC000191,2025-09-22 07:55:58,33889.17,INR,bill_payment,NEFT,BENE000139,DEV000085,GEO000192,False,123603.54
TXN000388,ACC000056,ACC000190,2025-02-20 16:51:41,45804.69,INR,cash_deposit,IMPS,,DEV000085,GEO000191,False,43789.28
TXN000389,ACC000056,ACC000003,2025-12-24 08:37:21,51762.51,INR,transfer,IMPS,,DEV000085,GEO000193,False,178991.48
TXN000390,ACC000056,ACC000191,2025-02-28 11:43:15,57485.8,INR,cash_withdrawal,net_banking,,DEV000085,GEO000195,False,292140.81
TXN000391,ACC000056,ACC000213,2025-06-23 10:46:20,28610.22,INR,upi_p2p,UPI,BENE000139,DEV000085,GEO000193,False,450507.71
TXN000392,ACC000056,ACC000039,2025-03-05 09:39:47,25028.12,INR,merchant_payment,NEFT,,DEV000085,GEO000195,False,235314.27
TXN000393,ACC000057,ACC000177,2025-11-26 07:53:00,54238.37,INR,transfer,UPI,,DEV000087,GEO000196,False,68663.77
TXN000394,ACC000057,ACC000098,2025-07-03 14:56:14,22886.31,INR,bill_payment,mobile_app,,DEV000087,GEO000197,False,91735.0
TXN000395,ACC000057,ACC000006,2025-07-10 23:36:03,56806.92,INR,merchant_payment,IMPS,,DEV000087,GEO000196,False,35376.11
TXN000396,ACC000057,ACC000035,2025-08-31 08:23:29,18146.25,INR,cash_deposit,UPI,BENE000140,DEV000086,GEO000198,False,146882.38
TXN000397,ACC000057,ACC000203,2025-11-02 11:25:53,5167.75,INR,merchant_payment,RTGS,,DEV000086,GEO000198,False,209451.59
TXN000398,ACC000057,ACC000044,2025-05-22 20:03:34,51104.92,INR,bill_payment,branch,BENE000140,DEV000086,GEO000197,False,26953.52
TXN000399,ACC000057,ACC000062,2025-09-30 01:16:19,18536.84,INR,cash_deposit,NEFT,BENE000140,DEV000087,GEO000196,False,330045.85
TXN000400,ACC000058,ACC000142,2025-01-13 04:25:30,8012.86,INR,merchant_payment,mobile_app,BENE000142,DEV000088,GEO000201,False,190628.45
TXN000401,ACC000058,ACC000010,2025-09-28 00:33:23,40379.85,INR,upi_p2p,NEFT,,DEV000088,GEO000201,False,426959.7
TXN000402,ACC000058,ACC000201,2025-06-14 20:45:33,24550.26,INR,cash_withdrawal,UPI,,DEV000088,GEO000201,False,244926.38
TXN000403,ACC000058,ACC000069,2025-02-02 08:28:09,54818.77,INR,upi_p2p,net_banking,BENE000141,DEV000088,GEO000199,False,403307.1
TXN000404,ACC000058,ACC000028,2025-04-05 08:33:39,4649.99,INR,cash_withdrawal,net_banking,,DEV000088,GEO000200,False,431981.51
TXN000405,ACC000058,ACC000003,2025-10-08 19:50:48,1004.14,INR,cash_withdrawal,net_banking,,DEV000088,GEO000202,False,166119.42
TXN000406,ACC000058,ACC000171,2025-02-11 02:25:57,36831.4,INR,transfer,UPI,BENE000143,DEV000088,GEO000199,False,475744.57
TXN000407,ACC000058,ACC000001,2025-06-18 03:34:01,47537.25,INR,bill_payment,ATM,BENE000143,DEV000088,GEO000199,False,265137.41
TXN000408,ACC000059,ACC000210,2025-03-18 14:58:01,42552.61,INR,cash_deposit,UPI,,DEV000089,GEO000204,False,296314.21
TXN000409,ACC000059,ACC000016,2025-06-21 20:33:04,11258.69,INR,transfer,net_banking,BENE000146,DEV000089,GEO000203,False,288141.61
TXN000410,ACC000059,ACC000049,2025-09-29 20:09:55,7615.82,INR,transfer,ATM,,DEV000089,GEO000204,False,114630.06
TXN000411,ACC000059,ACC000102,2025-09-04 17:23:47,50195.22,INR,cash_withdrawal,NEFT,BENE000145,DEV000089,GEO000203,False,367986.13
TXN000412,ACC000059,ACC000136,2025-01-03 17:05:12,39359.56,INR,upi_p2p,branch,BENE000144,DEV000089,GEO000203,False,247467.6
TXN000413,ACC000059,ACC000188,2025-01-24 11:00:21,37266.75,INR,cash_deposit,net_banking,,DEV000089,GEO000203,False,337576.06
TXN000414,ACC000059,ACC000082,2025-08-17 09:50:57,46328.89,INR,cash_withdrawal,net_banking,BENE000146,DEV000089,GEO000204,False,405671.72
TXN000415,ACC000059,ACC000095,2025-07-14 01:29:39,18154.78,INR,cash_deposit,IMPS,,DEV000089,GEO000203,False,22307.04
TXN000416,ACC000059,ACC000091,2025-06-09 02:58:57,28003.7,INR,cash_deposit,IMPS,,DEV000089,GEO000204,False,232731.9
TXN000417,ACC000059,ACC000040,2025-02-25 04:18:30,44323.98,INR,cash_deposit,NEFT,,DEV000089,GEO000203,False,191347.22
TXN000418,ACC000060,ACC000103,2025-05-23 00:39:53,1034.22,INR,upi_p2p,UPI,,DEV000090,GEO000209,False,109279.9
TXN000419,ACC000060,ACC000005,2025-06-01 23:06:08,28442.84,INR,cash_withdrawal,IMPS,BENE000147,DEV000090,GEO000205,False,152457.54
TXN000420,ACC000060,ACC000219,2025-08-02 08:06:50,16804.64,INR,bill_payment,RTGS,BENE000147,DEV000090,GEO000208,False,244183.73
TXN000421,ACC000060,ACC000171,2025-01-24 05:00:26,21331.49,INR,transfer,net_banking,,DEV000090,GEO000208,False,71597.42
TXN000422,ACC000060,ACC000133,2025-07-11 22:34:20,48256.6,INR,cash_deposit,RTGS,,DEV000090,GEO000207,False,169951.67
TXN000423,ACC000061,ACC000176,2025-08-29 04:39:11,25854.05,INR,transfer,UPI,,DEV000092,GEO000211,False,403755.02
TXN000424,ACC000061,ACC000033,2025-05-24 12:37:08,34006.6,INR,cash_deposit,net_banking,BENE000150,DEV000091,GEO000211,False,105518.54
TXN000425,ACC000061,ACC000084,2025-09-25 07:15:04,14159.61,INR,cash_withdrawal,RTGS,,DEV000092,GEO000211,False,166199.3
TXN000426,ACC000061,ACC000050,2025-12-17 05:54:19,7802.54,INR,cash_withdrawal,ATM,BENE000151,DEV000091,GEO000210,False,445387.97
TXN000427,ACC000061,ACC000081,2025-07-18 10:29:48,52867.54,INR,cash_deposit,UPI,,DEV000092,GEO000210,False,231881.94
TXN000428,ACC000061,ACC000187,2025-04-14 07:22:04,4202.14,INR,cash_deposit,ATM,BENE000150,DEV000092,GEO000210,False,237399.72
TXN000429,ACC000061,ACC000058,2025-09-03 20:38:18,382.58,INR,cash_withdrawal,RTGS,,DEV000091,GEO000211,False,242864.16
TXN000430,ACC000062,ACC000155,2025-12-10 00:08:47,28201.31,INR,upi_p2p,ATM,,DEV000093,GEO000213,False,368011.95
TXN000431,ACC000062,ACC000050,2025-07-23 07:23:38,41908.71,INR,cash_withdrawal,ATM,,DEV000094,GEO000213,False,426497.8
TXN000432,ACC000062,ACC000077,2025-04-12 08:35:00,10863.58,INR,cash_withdrawal,mobile_app,BENE000152,DEV000093,GEO000213,False,388122.66
TXN000433,ACC000062,ACC000038,2025-06-23 11:24:24,32878.36,INR,merchant_payment,UPI,BENE000152,DEV000094,GEO000213,False,228515.67
TXN000434,ACC000062,ACC000051,2025-10-02 07:09:45,31868.22,INR,cash_withdrawal,UPI,,DEV000093,GEO000213,False,62833.56
TXN000435,ACC000062,ACC000084,2025-08-03 14:22:24,25109.97,INR,bill_payment,IMPS,,DEV000094,GEO000212,False,323517.83
TXN000436,ACC000062,ACC000102,2025-03-11 03:03:56,17252.67,INR,transfer,branch,,DEV000094,GEO000212,False,28873.73
TXN000437,ACC000062,ACC000184,2025-10-05 03:49:54,7084.9,INR,transfer,net_banking,BENE000152,DEV000093,GEO000212,False,470121.27
TXN000438,ACC000063,ACC000024,2025-10-21 01:56:13,21746.95,INR,cash_withdrawal,IMPS,BENE000153,DEV000095,GEO000217,False,246735.4
TXN000439,ACC000063,ACC000140,2025-01-25 03:17:03,31575.82,INR,upi_p2p,NEFT,,DEV000095,GEO000218,False,407367.71
TXN000440,ACC000063,ACC000115,2025-03-03 18:33:03,7091.9,INR,cash_withdrawal,ATM,,DEV000095,GEO000214,False,279284.6
TXN000441,ACC000063,ACC000014,2025-09-07 16:17:10,50605.01,INR,bill_payment,RTGS,BENE000153,DEV000095,GEO000214,False,475033.04
TXN000442,ACC000063,ACC000036,2025-07-14 09:46:47,19303.65,INR,cash_deposit,NEFT,,DEV000095,GEO000218,False,246621.4
TXN000443,ACC000063,ACC000172,2025-10-05 13:52:47,41888.06,INR,merchant_payment,net_banking,,DEV000095,GEO000215,False,105209.47
TXN000444,ACC000064,ACC000002,2025-05-16 16:28:18,35937.48,INR,merchant_payment,IMPS,BENE000156,DEV000097,GEO000220,False,457685.13
TXN000445,ACC000064,ACC000191,2025-08-30 20:50:26,14530.0,INR,merchant_payment,IMPS,,DEV000097,GEO000219,False,377331.56
TXN000446,ACC000064,ACC000066,2025-05-10 21:37:59,10168.9,INR,cash_withdrawal,NEFT,BENE000156,DEV000097,GEO000221,False,223326.18
TXN000447,ACC000064,ACC000167,2025-09-18 22:03:43,26261.55,INR,cash_deposit,ATM,BENE000156,DEV000097,GEO000219,False,371663.89
TXN000448,ACC000064,ACC000053,2025-03-19 17:27:52,38887.58,INR,upi_p2p,branch,,DEV000097,GEO000221,False,181108.22
TXN000449,ACC000064,ACC000014,2025-09-09 14:12:50,32082.44,INR,merchant_payment,branch,BENE000156,DEV000097,GEO000221,False,108995.35
TXN000450,ACC000064,ACC000047,2025-12-01 03:07:04,17204.1,INR,cash_deposit,NEFT,,DEV000097,GEO000220,False,301304.68
TXN000451,ACC000064,ACC000043,2025-12-24 14:39:16,25236.87,INR,merchant_payment,branch,,DEV000097,GEO000219,False,442321.77
TXN000452,ACC000064,ACC000219,2025-01-13 02:48:16,31734.09,INR,transfer,branch,BENE000156,DEV000097,GEO000220,False,49519.1
TXN000453,ACC000064,ACC000095,2025-03-25 14:49:19,33083.26,INR,cash_deposit,IMPS,BENE000156,DEV000097,GEO000220,False,149437.49
TXN000454,ACC000065,ACC000031,2025-04-28 07:18:40,8681.92,INR,cash_deposit,ATM,,DEV000098,GEO000224,False,341232.48
TXN000455,ACC000065,ACC000008,2025-12-08 20:54:09,55876.38,INR,cash_deposit,UPI,BENE000157,DEV000098,GEO000222,False,228167.04
TXN000456,ACC000065,ACC000149,2025-09-27 21:06:38,33535.2,INR,cash_withdrawal,mobile_app,,DEV000098,GEO000222,False,77494.13
TXN000457,ACC000066,ACC000102,2025-09-21 07:35:51,22770.02,INR,transfer,RTGS,BENE000160,DEV000100,GEO000228,False,288803.58
TXN000458,ACC000066,ACC000012,2025-09-13 00:02:56,3968.01,INR,cash_withdrawal,branch,,DEV000100,GEO000226,False,13182.02
TXN000459,ACC000066,ACC000070,2025-12-05 15:33:01,11446.57,INR,upi_p2p,RTGS,,DEV000099,GEO000225,False,417860.85
TXN000460,ACC000066,ACC000112,2025-08-06 01:44:21,57138.36,INR,cash_deposit,ATM,BENE000162,DEV000099,GEO000227,False,228672.48
TXN000461,ACC000067,ACC000140,2025-03-05 15:36:34,22521.39,INR,cash_withdrawal,UPI,BENE000165,DEV000102,GEO000230,False,186682.85
TXN000462,ACC000067,ACC000089,2025-10-25 23:52:41,17688.48,INR,upi_p2p,RTGS,BENE000165,DEV000103,GEO000230,False,44136.33
TXN000463,ACC000067,ACC000065,2025-12-10 14:40:33,8430.96,INR,cash_withdrawal,RTGS,,DEV000102,GEO000229,False,172383.43
TXN000464,ACC000067,ACC000161,2025-02-26 07:58:06,36007.79,INR,merchant_payment,UPI,,DEV000103,GEO000229,False,396346.62
TXN000465,ACC000067,ACC000212,2025-09-27 05:13:49,23901.74,INR,cash_deposit,net_banking,,DEV000103,GEO000229,False,288156.83
TXN000466,ACC000067,ACC000066,2025-12-29 22:13:13,33116.82,INR,bill_payment,ATM,BENE000165,DEV000103,GEO000230,False,366195.49
TXN000467,ACC000067,ACC000205,2025-05-25 23:36:51,32997.35,INR,cash_deposit,NEFT,,DEV000101,GEO000230,False,344212.67
TXN000468,ACC000067,ACC000028,2025-03-29 16:44:47,38500.07,INR,cash_deposit,UPI,,DEV000103,GEO000229,False,446698.58
TXN000469,ACC000067,ACC000130,2025-11-07 15:56:11,6646.49,INR,bill_payment,net_banking,BENE000165,DEV000103,GEO000230,False,152125.95
TXN000470,ACC000067,ACC000054,2025-07-30 11:29:50,38367.27,INR,bill_payment,mobile_app,BENE000164,DEV000101,GEO000229,False,93671.34
TXN000471,ACC000068,ACC000018,2025-04-09 10:10:30,27265.44,INR,transfer,NEFT,BENE000167,DEV000104,GEO000234,False,172241.62
TXN000472,ACC000068,ACC000096,2025-03-22 22:52:47,18366.44,INR,merchant_payment,RTGS,,DEV000104,GEO000234,False,250497.43
TXN000473,ACC000068,ACC000090,2025-01-13 01:19:00,15495.77,INR,cash_deposit,NEFT,,DEV000104,GEO000234,False,310495.63
TXN000474,ACC000068,ACC000090,2025-09-23 23:14:51,29520.45,INR,transfer,NEFT,,DEV000104,GEO000234,False,44327.48
TXN000475,ACC000069,ACC000140,2025-02-05 17:57:26,5161.29,INR,upi_p2p,net_banking,,DEV000105,GEO000237,False,121447.94
TXN000476,ACC000069,ACC000121,2025-01-14 08:05:31,19507.78,INR,merchant_payment,RTGS,BENE000168,DEV000105,GEO000237,False,297121.1
TXN000477,ACC000069,ACC000173,2025-10-31 05:54:31,1888.5,INR,merchant_payment,RTGS,BENE000169,DEV000105,GEO000236,False,400852.53
TXN000478,ACC000069,ACC000138,2025-09-11 20:56:49,43514.99,INR,cash_withdrawal,net_banking,,DEV000105,GEO000236,False,147401.35
TXN000479,ACC000069,ACC000042,2025-01-16 11:06:59,17559.14,INR,cash_withdrawal,NEFT,,DEV000105,GEO000236,False,39333.5
TXN000480,ACC000069,ACC000124,2025-07-08 20:09:17,15092.75,INR,cash_deposit,UPI,BENE000168,DEV000105,GEO000236,False,170695.13
TXN000481,ACC000069,ACC000175,2025-08-15 15:15:53,50763.2,INR,bill_payment,RTGS,BENE000168,DEV000105,GEO000236,False,370437.84
TXN000482,ACC000070,ACC000113,2025-07-12 16:24:45,22127.2,INR,upi_p2p,NEFT,,DEV000106,GEO000242,False,184775.86
TXN000483,ACC000070,ACC000140,2025-02-11 07:02:59,25233.75,INR,transfer,branch,,DEV000106,GEO000242,False,34402.34
TXN000484,ACC000070,ACC000023,2025-04-13 01:14:45,52691.31,INR,upi_p2p,IMPS,,DEV000106,GEO000241,False,122372.75
TXN000485,ACC000071,ACC000031,2025-01-10 08:42:53,9887.32,INR,merchant_payment,UPI,,DEV000107,GEO000246,False,273413.53
TXN000486,ACC000071,ACC000143,2025-04-13 03:23:59,28777.21,INR,upi_p2p,UPI,,DEV000107,GEO000243,False,116891.9
TXN000487,ACC000071,ACC000038,2025-04-27 15:24:02,8166.25,INR,upi_p2p,NEFT,BENE000173,DEV000107,GEO000245,False,57263.54
TXN000488,ACC000071,ACC000171,2025-04-14 06:15:04,35217.26,INR,transfer,branch,,DEV000107,GEO000245,False,430432.26
TXN000489,ACC000071,ACC000206,2025-03-24 22:31:59,11482.29,INR,cash_deposit,RTGS,BENE000173,DEV000107,GEO000244,False,276963.24
TXN000490,ACC000072,ACC000038,2025-09-17 01:39:29,3842.63,INR,merchant_payment,UPI,,DEV000108,GEO000248,False,493693.5
TXN000491,ACC000072,ACC000145,2025-03-05 23:25:12,7288.9,INR,cash_deposit,IMPS,BENE000175,DEV000108,GEO000248,False,22411.54
TXN000492,ACC000072,ACC000083,2025-10-31 04:01:03,11522.74,INR,bill_payment,IMPS,,DEV000108,GEO000248,False,433600.78
TXN000493,ACC000072,ACC000192,2025-12-19 10:35:12,3853.26,INR,merchant_payment,NEFT,,DEV000108,GEO000247,False,144526.21
TXN000494,ACC000073,ACC000111,2025-08-21 22:44:39,2048.66,INR,transfer,net_banking,BENE000177,DEV000109,GEO000250,False,141135.91
TXN000495,ACC000073,ACC000167,2025-11-10 08:01:37,59203.4,INR,cash_withdrawal,branch,,DEV000110,GEO000251,False,235486.03
TXN000496,ACC000073,ACC000125,2025-05-30 22:39:19,45493.58,INR,upi_p2p,UPI,BENE000177,DEV000110,GEO000251,False,487638.1
TXN000497,ACC000073,ACC000137,2025-07-20 18:46:00,37058.73,INR,transfer,branch,,DEV000110,GEO000251,False,297622.48
TXN000498,ACC000074,ACC000081,2025-12-26 22:35:13,6557.8,INR,bill_payment,ATM,BENE000180,DEV000111,GEO000254,False,259318.21
TXN000499,ACC000074,ACC000106,2025-04-19 04:00:52,2052.36,INR,cash_deposit,ATM,BENE000180,DEV000111,GEO000254,False,356597.9
TXN000500,ACC000074,ACC000142,2025-05-05 17:15:53,1635.12,INR,cash_deposit,UPI,,DEV000111,GEO000254,False,103661.18
TXN000501,ACC000074,ACC000203,2025-09-04 00:07:41,6028.42,INR,bill_payment,RTGS,BENE000180,DEV000111,GEO000253,False,466309.47
TXN000502,ACC000074,ACC000118,2025-07-28 17:00:40,2596.25,INR,cash_withdrawal,net_banking,,DEV000111,GEO000252,False,406744.15
TXN000503,ACC000074,ACC000101,2025-01-02 06:27:04,667.08,INR,cash_withdrawal,RTGS,,DEV000111,GEO000254,False,210826.1
TXN000504,ACC000075,ACC000014,2025-06-16 02:31:15,2895.99,INR,cash_deposit,net_banking,BENE000182,DEV000112,GEO000257,False,70723.95
TXN000505,ACC000075,ACC000032,2025-05-21 07:53:08,3462.62,INR,transfer,mobile_app,BENE000184,DEV000112,GEO000257,False,134938.73
TXN000506,ACC000075,ACC000201,2025-02-07 05:45:55,4173.51,INR,upi_p2p,NEFT,,DEV000112,GEO000256,False,283717.1
TXN000507,ACC000075,ACC000003,2025-02-13 06:37:18,1649.08,INR,merchant_payment,branch,BENE000182,DEV000112,GEO000257,False,309537.64
TXN000508,ACC000075,ACC000147,2025-10-19 22:35:57,1344.89,INR,merchant_payment,IMPS,BENE000184,DEV000112,GEO000256,False,159042.18
TXN000509,ACC000075,ACC000057,2025-03-08 17:41:11,3658.28,INR,cash_deposit,ATM,BENE000184,DEV000112,GEO000256,False,307452.0
TXN000510,ACC000075,ACC000070,2025-11-11 09:33:21,2287.12,INR,transfer,ATM,BENE000184,DEV000112,GEO000256,False,83655.64
TXN000511,ACC000076,ACC000057,2025-04-19 12:51:20,6621.74,INR,bill_payment,branch,BENE000185,DEV000114,GEO000259,False,51082.94
TXN000512,ACC000076,ACC000021,2025-06-08 15:49:06,42803.02,INR,cash_deposit,UPI,BENE000186,DEV000114,GEO000259,False,103359.25
TXN000513,ACC000076,ACC000173,2025-07-10 21:17:48,26311.69,INR,merchant_payment,IMPS,BENE000187,DEV000114,GEO000258,False,194562.44
TXN000514,ACC000076,ACC000114,2025-08-24 13:29:32,12487.08,INR,bill_payment,net_banking,,DEV000114,GEO000258,False,104358.32
TXN000515,ACC000076,ACC000081,2025-05-18 04:40:22,24425.12,INR,bill_payment,branch,,DEV000113,GEO000259,False,235386.8
TXN000516,ACC000077,ACC000176,2025-12-30 05:18:23,33885.88,INR,upi_p2p,net_banking,BENE000188,DEV000115,GEO000260,False,180400.77
TXN000517,ACC000077,ACC000006,2025-07-10 16:03:19,26290.25,INR,cash_deposit,NEFT,BENE000188,DEV000115,GEO000263,False,135291.7
TXN000518,ACC000077,ACC000067,2025-07-05 20:13:47,9654.27,INR,bill_payment,ATM,BENE000188,DEV000115,GEO000263,False,45896.28
TXN000519,ACC000078,ACC000024,2025-08-28 00:24:33,27843.09,INR,transfer,branch,,DEV000116,GEO000266,False,227097.31
TXN000520,ACC000078,ACC000076,2025-02-25 00:07:29,34330.83,INR,cash_withdrawal,UPI,BENE000189,DEV000116,GEO000265,False,116676.0
TXN000521,ACC000078,ACC000024,2025-08-30 03:37:25,2273.16,INR,upi_p2p,UPI,BENE000192,DEV000117,GEO000266,False,447566.08
TXN000522,ACC000078,ACC000061,2025-01-07 16:08:45,32312.34,INR,bill_payment,net_banking,BENE000190,DEV000116,GEO000264,False,267442.71
TXN000523,ACC000078,ACC000200,2025-06-29 15:09:30,22202.7,INR,cash_withdrawal,UPI,,DEV000116,GEO000266,False,123577.62
TXN000524,ACC000079,ACC000084,2025-11-29 04:58:27,10473.31,INR,cash_withdrawal,mobile_app,BENE000193,DEV000118,GEO000270,False,235064.38
TXN000525,ACC000079,ACC000217,2025-02-21 09:02:28,14667.15,INR,merchant_payment,IMPS,BENE000193,DEV000119,GEO000270,False,355394.38
TXN000526,ACC000079,ACC000183,2025-04-07 09:31:46,9892.8,INR,merchant_payment,mobile_app,BENE000194,DEV000118,GEO000270,False,230925.58
TXN000527,ACC000080,ACC000174,2025-10-20 22:11:56,14515.42,INR,merchant_payment,NEFT,,DEV000120,GEO000273,False,289158.47
TXN000528,ACC000080,ACC000215,2025-10-19 00:23:08,14884.41,INR,cash_withdrawal,NEFT,BENE000195,DEV000120,GEO000274,False,104239.61
TXN000529,ACC000080,ACC000154,2025-05-23 17:21:36,30712.15,INR,transfer,NEFT,BENE000195,DEV000120,GEO000274,False,157958.05
TXN000530,ACC000080,ACC000051,2025-10-19 09:24:32,781.35,INR,cash_deposit,UPI,,DEV000120,GEO000272,False,151684.1
TXN000531,ACC000080,ACC000063,2025-02-25 06:28:30,793.54,INR,bill_payment,RTGS,BENE000198,DEV000120,GEO000274,False,186411.99
TXN000532,ACC000080,ACC000053,2025-06-29 22:15:45,4926.21,INR,transfer,ATM,BENE000195,DEV000120,GEO000271,False,175927.0
TXN000533,ACC000080,ACC000099,2025-12-11 11:52:22,23880.39,INR,cash_deposit,net_banking,,DEV000120,GEO000273,False,276251.76
TXN000534,ACC000080,ACC000011,2025-12-29 17:17:53,35764.42,INR,cash_deposit,net_banking,BENE000196,DEV000120,GEO000273,False,6517.04
TXN000535,ACC000080,ACC000026,2025-02-26 16:15:01,27174.82,INR,merchant_payment,branch,,DEV000120,GEO000271,False,315706.58
TXN000536,ACC000080,ACC000096,2025-01-10 08:59:58,16448.53,INR,cash_withdrawal,RTGS,BENE000195,DEV000120,GEO000273,False,400810.76
TXN000537,ACC000081,ACC000113,2025-10-22 13:39:44,22501.01,INR,merchant_payment,mobile_app,,DEV000121,GEO000276,False,189584.57
TXN000538,ACC000081,ACC000170,2025-10-05 09:29:23,20321.06,INR,upi_p2p,branch,,DEV000121,GEO000276,False,98970.79
TXN000539,ACC000081,ACC000158,2025-05-30 02:06:35,12814.38,INR,bill_payment,mobile_app,BENE000200,DEV000121,GEO000277,False,98052.23
TXN000540,ACC000081,ACC000146,2025-03-17 05:04:54,19302.23,INR,bill_payment,NEFT,BENE000199,DEV000121,GEO000276,False,82532.33
TXN000541,ACC000082,ACC000068,2025-10-10 10:20:55,14632.38,INR,transfer,ATM,,DEV000122,GEO000281,False,247247.63
TXN000542,ACC000082,ACC000021,2025-09-17 23:25:11,13942.9,INR,cash_withdrawal,IMPS,,DEV000122,GEO000282,False,274414.75
TXN000543,ACC000082,ACC000209,2025-10-16 04:58:44,10085.42,INR,upi_p2p,IMPS,,DEV000122,GEO000282,False,389369.76
TXN000544,ACC000083,ACC000058,2025-11-13 11:42:55,1529.07,INR,cash_deposit,branch,BENE000205,DEV000124,GEO000286,False,26592.0
TXN000545,ACC000083,ACC000152,2025-04-27 15:23:41,48140.09,INR,cash_withdrawal,net_banking,BENE000205,DEV000123,GEO000286,False,440492.33
TXN000546,ACC000083,ACC000064,2025-06-30 08:01:59,54329.44,INR,transfer,IMPS,BENE000205,DEV000124,GEO000286,False,150243.18
TXN000547,ACC000083,ACC000063,2025-03-05 02:06:05,37458.88,INR,upi_p2p,net_banking,BENE000205,DEV000124,GEO000284,False,77868.93
TXN000548,ACC000083,ACC000122,2025-01-12 21:10:15,20160.39,INR,cash_withdrawal,net_banking,BENE000205,DEV000124,GEO000284,False,463989.92
TXN000549,ACC000083,ACC000102,2025-08-17 12:30:07,12998.91,INR,cash_deposit,ATM,,DEV000124,GEO000284,False,83282.32
TXN000550,ACC000084,ACC000154,2025-05-08 01:11:34,35688.07,INR,transfer,net_banking,,DEV000125,GEO000287,False,5236.44
TXN000551,ACC000084,ACC000139,2025-06-16 10:18:24,29660.38,INR,transfer,UPI,BENE000206,DEV000125,GEO000287,False,67608.17
TXN000552,ACC000084,ACC000216,2025-05-23 10:30:57,40788.64,INR,upi_p2p,IMPS,BENE000206,DEV000125,GEO000287,False,165740.73
TXN000553,ACC000084,ACC000010,2025-08-15 08:40:53,5124.28,INR,transfer,mobile_app,,DEV000125,GEO000287,False,412271.27
TXN000554,ACC000084,ACC000126,2025-02-11 18:19:52,16186.35,INR,cash_withdrawal,net_banking,BENE000206,DEV000126,GEO000287,False,79539.63
TXN000555,ACC000085,ACC000128,2025-08-24 12:50:12,13582.76,INR,cash_withdrawal,mobile_app,,DEV000127,GEO000291,False,347759.48
TXN000556,ACC000085,ACC000208,2025-06-25 17:41:04,21653.36,INR,merchant_payment,branch,BENE000207,DEV000127,GEO000292,False,397334.5
TXN000557,ACC000085,ACC000217,2025-05-01 03:07:41,40042.07,INR,bill_payment,ATM,,DEV000127,GEO000290,False,19362.03
TXN000558,ACC000085,ACC000016,2025-08-17 05:36:12,52533.47,INR,bill_payment,net_banking,BENE000207,DEV000127,GEO000290,False,141955.16
TXN000559,ACC000086,ACC000177,2025-05-05 06:09:13,19791.33,INR,upi_p2p,RTGS,BENE000210,DEV000129,GEO000296,False,468780.66
TXN000560,ACC000086,ACC000054,2025-12-14 19:30:01,16204.91,INR,transfer,IMPS,BENE000208,DEV000128,GEO000296,False,25407.18
TXN000561,ACC000086,ACC000216,2025-11-28 07:09:58,27379.24,INR,cash_deposit,UPI,,DEV000129,GEO000296,False,199347.33
TXN000562,ACC000086,ACC000182,2025-12-01 23:46:34,11143.69,INR,bill_payment,IMPS,,DEV000129,GEO000295,False,376005.54
TXN000563,ACC000086,ACC000180,2025-03-13 10:38:56,451.58,INR,bill_payment,branch,BENE000210,DEV000129,GEO000293,False,74935.72
TXN000564,ACC000086,ACC000036,2025-04-04 05:10:48,17542.73,INR,cash_deposit,branch,BENE000208,DEV000128,GEO000294,False,316137.44
TXN000565,ACC000086,ACC000183,2025-05-14 04:38:48,27263.62,INR,cash_withdrawal,IMPS,BENE000209,DEV000128,GEO000293,False,106319.82
TXN000566,ACC000087,ACC000136,2025-06-01 17:29:47,53397.26,INR,merchant_payment,ATM,BENE000213,DEV000130,GEO000298,False,269857.33
TXN000567,ACC000087,ACC000194,2025-06-27 06:17:43,2861.92,INR,cash_withdrawal,mobile_app,,DEV000130,GEO000302,False,396127.3
TXN000568,ACC000087,ACC000122,2025-11-19 03:59:31,52718.42,INR,cash_deposit,ATM,BENE000213,DEV000130,GEO000302,False,150840.97
TXN000569,ACC000087,ACC000167,2025-11-27 22:45:03,2514.89,INR,bill_payment,branch,BENE000212,DEV000130,GEO000300,False,21231.53
TXN000570,ACC000087,ACC000211,2025-06-24 11:18:46,14491.0,INR,transfer,NEFT,,DEV000130,GEO000298,False,137543.72
TXN000571,ACC000087,ACC000209,2025-12-16 07:53:26,32883.45,INR,cash_deposit,mobile_app,,DEV000130,GEO000302,False,248821.16
TXN000572,ACC000087,ACC000149,2025-03-24 21:10:04,32138.58,INR,merchant_payment,branch,,DEV000130,GEO000299,False,195124.23
TXN000573,ACC000088,ACC000046,2025-07-31 16:21:27,39434.93,INR,transfer,NEFT,,DEV000131,GEO000305,False,473342.7
TXN000574,ACC000088,ACC000006,2025-02-08 15:02:01,7966.67,INR,upi_p2p,branch,,DEV000131,GEO000305,False,208372.25
TXN000575,ACC000088,ACC000110,2025-03-21 06:17:15,43803.88,INR,cash_withdrawal,net_banking,,DEV000132,GEO000305,False,346087.19
TXN000576,ACC000088,ACC000164,2025-01-27 15:18:10,4758.3,INR,bill_payment,net_banking,BENE000216,DEV000131,GEO000304,False,482606.69
TXN000577,ACC000088,ACC000030,2025-10-25 01:23:14,27187.24,INR,transfer,RTGS,,DEV000131,GEO000306,False,139871.98
TXN000578,ACC000088,ACC000022,2025-05-19 08:34:30,47382.2,INR,cash_withdrawal,UPI,,DEV000132,GEO000304,False,125887.68
TXN000579,ACC000088,ACC000005,2025-12-20 18:23:20,54850.02,INR,transfer,net_banking,BENE000215,DEV000131,GEO000304,False,239866.49
TXN000580,ACC000088,ACC000194,2025-09-03 06:39:41,21212.68,INR,cash_withdrawal,NEFT,,DEV000132,GEO000303,False,388155.22
TXN000581,ACC000089,ACC000055,2025-03-07 01:25:39,4708.07,INR,upi_p2p,RTGS,,DEV000133,GEO000309,False,466964.31
TXN000582,ACC000089,ACC000200,2025-07-11 23:54:38,13416.62,INR,cash_deposit,NEFT,BENE000218,DEV000134,GEO000310,False,19153.36
TXN000583,ACC000089,ACC000049,2025-01-02 10:41:20,13736.25,INR,transfer,IMPS,,DEV000134,GEO000311,False,4711.46
TXN000584,ACC000089,ACC000081,2025-12-01 18:29:10,11188.55,INR,bill_payment,net_banking,BENE000218,DEV000133,GEO000309,False,60756.77
TXN000585,ACC000089,ACC000208,2025-01-13 14:44:11,18838.53,INR,upi_p2p,IMPS,,DEV000133,GEO000310,False,213394.66
TXN000586,ACC000089,ACC000010,2025-11-30 11:15:45,2726.74,INR,cash_withdrawal,UPI,,DEV000134,GEO000311,False,141053.37
TXN000587,ACC000089,ACC000218,2025-06-10 00:23:46,23465.62,INR,merchant_payment,IMPS,BENE000218,DEV000133,GEO000311,False,204028.57
TXN000588,ACC000089,ACC000007,2025-04-21 17:50:21,7970.63,INR,upi_p2p,net_banking,BENE000218,DEV000133,GEO000308,False,487344.91
TXN000589,ACC000089,ACC000197,2025-05-10 15:06:11,7746.77,INR,transfer,UPI,BENE000218,DEV000133,GEO000308,False,156432.77
TXN000590,ACC000090,ACC000208,2025-10-04 19:54:24,26275.25,INR,merchant_payment,branch,,DEV000136,GEO000312,False,376398.66
TXN000591,ACC000090,ACC000011,2025-05-02 03:02:45,43846.11,INR,cash_deposit,net_banking,,DEV000136,GEO000313,False,69308.93
TXN000592,ACC000090,ACC000025,2025-08-17 11:23:35,390.45,INR,cash_deposit,mobile_app,BENE000219,DEV000136,GEO000313,False,132876.84
TXN000593,ACC000090,ACC000152,2025-08-06 22:40:27,42714.92,INR,bill_payment,net_banking,BENE000219,DEV000136,GEO000312,False,315788.6
TXN000594,ACC000091,ACC000121,2025-03-26 19:48:07,36769.54,INR,bill_payment,UPI,BENE000221,DEV000137,GEO000316,False,288768.69
TXN000595,ACC000091,ACC000187,2025-10-29 11:17:20,42444.61,INR,cash_deposit,ATM,BENE000221,DEV000137,GEO000316,False,97043.42
TXN000596,ACC000091,ACC000136,2025-04-24 16:13:13,17475.8,INR,cash_deposit,NEFT,BENE000221,DEV000138,GEO000316,False,353745.28
TXN000597,ACC000092,ACC000166,2025-08-24 01:23:38,4536.79,INR,transfer,NEFT,BENE000222,DEV000139,GEO000320,False,288731.39
TXN000598,ACC000092,ACC000209,2025-09-06 20:52:49,5255.93,INR,upi_p2p,ATM,BENE000222,DEV000139,GEO000320,False,372695.19
TXN000599,ACC000092,ACC000188,2025-01-29 00:56:44,6161.01,INR,bill_payment,ATM,,DEV000140,GEO000318,False,326274.65
TXN000600,ACC000092,ACC000184,2025-02-13 00:29:29,7432.41,INR,transfer,NEFT,BENE000222,DEV000139,GEO000319,False,74346.79
TXN000601,ACC000092,ACC000166,2025-11-02 02:17:57,1273.96,INR,cash_withdrawal,IMPS,,DEV000140,GEO000319,False,340476.95
TXN000602,ACC000092,ACC000114,2025-09-15 12:43:26,1956.31,INR,upi_p2p,UPI,BENE000222,DEV000139,GEO000319,False,245466.75
TXN000603,ACC000092,ACC000071,2025-06-19 21:20:13,626.41,INR,transfer,NEFT,BENE000222,DEV000140,GEO000318,False,374413.83
TXN000604,ACC000093,ACC000053,2025-06-10 13:12:28,6802.91,INR,cash_withdrawal,UPI,BENE000224,DEV000141,GEO000323,False,237143.75
TXN000605,ACC000093,ACC000196,2025-07-25 16:09:30,4104.64,INR,cash_deposit,IMPS,BENE000226,DEV000141,GEO000322,False,432060.06
TXN000606,ACC000093,ACC000215,2025-07-05 04:25:34,57817.79,INR,cash_withdrawal,UPI,BENE000224,DEV000141,GEO000322,False,9555.74
TXN000607,ACC000093,ACC000061,2025-09-08 13:53:22,29256.97,INR,bill_payment,UPI,,DEV000141,GEO000323,False,261492.09
TXN000608,ACC000093,ACC000177,2025-02-08 09:12:18,16454.36,INR,upi_p2p,branch,BENE000224,DEV000141,GEO000321,False,121371.66
TXN000609,ACC000093,ACC000073,2025-04-08 21:43:50,48620.67,INR,upi_p2p,UPI,BENE000224,DEV000141,GEO000321,False,164360.96
TXN000610,ACC000093,ACC000177,2025-10-26 21:59:54,33321.57,INR,merchant_payment,IMPS,BENE000224,DEV000141,GEO000324,False,366576.85
TXN000611,ACC000094,ACC000065,2025-09-28 07:26:28,48314.67,INR,merchant_payment,ATM,,DEV000143,GEO000327,False,301184.59
TXN000612,ACC000094,ACC000145,2025-05-19 14:25:57,5946.18,INR,cash_deposit,ATM,BENE000227,DEV000142,GEO000326,False,179083.45
TXN000613,ACC000094,ACC000195,2025-04-04 15:50:26,32042.66,INR,cash_deposit,ATM,BENE000227,DEV000143,GEO000327,False,52493.02
TXN000614,ACC000094,ACC000036,2025-03-31 19:54:48,24761.97,INR,transfer,ATM,,DEV000143,GEO000326,False,369569.07
TXN000615,ACC000094,ACC000027,2025-09-22 11:00:51,59388.52,INR,merchant_payment,RTGS,,DEV000142,GEO000325,False,110016.76
TXN000616,ACC000094,ACC000025,2025-01-15 05:17:04,15536.1,INR,merchant_payment,NEFT,,DEV000142,GEO000326,False,445010.98
TXN000617,ACC000094,ACC000054,2025-02-06 07:19:27,20580.69,INR,bill_payment,net_banking,,DEV000142,GEO000326,False,268908.65
TXN000618,ACC000094,ACC000162,2025-10-23 12:12:07,14624.36,INR,cash_deposit,branch,,DEV000142,GEO000327,False,364603.63
TXN000619,ACC000094,ACC000216,2025-07-10 02:55:53,49060.51,INR,bill_payment,NEFT,BENE000227,DEV000143,GEO000325,False,462480.72
TXN000620,ACC000095,ACC000001,2025-06-15 20:54:49,34346.27,INR,cash_withdrawal,RTGS,BENE000228,DEV000146,GEO000330,False,490371.75
TXN000621,ACC000095,ACC000147,2025-01-09 07:06:09,32920.33,INR,bill_payment,UPI,,DEV000144,GEO000328,False,366487.67
TXN000622,ACC000095,ACC000051,2025-11-18 06:47:05,10451.59,INR,bill_payment,branch,,DEV000145,GEO000328,False,113586.96
TXN000623,ACC000095,ACC000035,2025-01-13 05:30:59,5979.95,INR,upi_p2p,ATM,,DEV000145,GEO000330,False,380785.21
TXN000624,ACC000095,ACC000214,2025-09-24 17:03:53,21373.99,INR,upi_p2p,net_banking,BENE000229,DEV000144,GEO000329,False,187893.29
TXN000625,ACC000095,ACC000137,2025-03-10 00:00:38,33760.83,INR,cash_deposit,net_banking,BENE000229,DEV000144,GEO000328,False,208111.37
TXN000626,ACC000095,ACC000112,2025-03-31 00:49:52,34508.49,INR,bill_payment,branch,,DEV000146,GEO000330,False,442030.49
TXN000627,ACC000096,ACC000116,2025-03-03 03:02:52,49760.78,INR,merchant_payment,ATM,BENE000233,DEV000148,GEO000332,False,140308.52
TXN000628,ACC000096,ACC000067,2025-08-24 10:57:05,13006.0,INR,upi_p2p,mobile_app,BENE000233,DEV000147,GEO000332,False,463696.54
TXN000629,ACC000096,ACC000149,2025-02-14 19:07:00,47836.79,INR,bill_payment,mobile_app,,DEV000147,GEO000333,False,474831.75
TXN000630,ACC000096,ACC000029,2025-08-06 12:10:57,28863.44,INR,upi_p2p,UPI,BENE000232,DEV000147,GEO000333,False,399672.5
TXN000631,ACC000096,ACC000062,2025-12-19 15:11:06,3235.34,INR,merchant_payment,net_banking,,DEV000147,GEO000333,False,170216.87
TXN000632,ACC000096,ACC000138,2025-02-06 07:49:25,15727.56,INR,cash_withdrawal,UPI,BENE000232,DEV000147,GEO000331,False,70716.5
TXN000633,ACC000096,ACC000203,2025-03-27 15:16:54,41986.78,INR,transfer,UPI,BENE000232,DEV000148,GEO000331,False,369132.81
TXN000634,ACC000096,ACC000083,2025-06-28 23:53:31,10045.15,INR,cash_withdrawal,IMPS,,DEV000147,GEO000331,False,390243.73
TXN000635,ACC000097,ACC000208,2025-10-08 19:41:15,515.22,INR,cash_withdrawal,UPI,,DEV000149,GEO000334,False,240909.16
TXN000636,ACC000097,ACC000207,2025-02-08 03:51:18,4759.64,INR,merchant_payment,IMPS,,DEV000149,GEO000334,False,494213.05
TXN000637,ACC000097,ACC000081,2025-05-28 04:57:21,7181.87,INR,merchant_payment,branch,BENE000234,DEV000149,GEO000335,False,300573.8
TXN000638,ACC000098,ACC000074,2025-07-10 17:44:56,31428.89,INR,transfer,UPI,,DEV000150,GEO000338,False,394366.62
TXN000639,ACC000098,ACC000081,2025-05-28 08:41:10,28238.69,INR,merchant_payment,NEFT,BENE000235,DEV000150,GEO000336,False,2395.0
TXN000640,ACC000098,ACC000067,2025-12-11 00:11:13,14887.65,INR,cash_withdrawal,IMPS,,DEV000150,GEO000338,False,138264.58
TXN000641,ACC000098,ACC000039,2025-06-07 08:34:57,22787.73,INR,transfer,ATM,,DEV000150,GEO000337,False,256329.6
TXN000642,ACC000098,ACC000083,2025-05-24 12:36:27,39747.17,INR,cash_withdrawal,branch,BENE000235,DEV000150,GEO000340,False,276719.12
TXN000643,ACC000098,ACC000011,2025-08-31 17:34:47,28292.2,INR,cash_deposit,ATM,,DEV000150,GEO000339,False,307490.19
TXN000644,ACC000098,ACC000118,2025-08-29 01:01:35,21433.61,INR,transfer,UPI,BENE000235,DEV000150,GEO000336,False,464141.16
TXN000645,ACC000098,ACC000101,2025-04-09 04:24:27,50126.91,INR,transfer,mobile_app,,DEV000150,GEO000338,False,322244.93
TXN000646,ACC000098,ACC000141,2025-07-03 22:39:40,30007.14,INR,bill_payment,ATM,,DEV000150,GEO000337,False,33018.8
TXN000647,ACC000098,ACC000069,2025-04-05 01:43:15,9460.68,INR,transfer,UPI,,DEV000150,GEO000340,False,363268.82
TXN000648,ACC000099,ACC000105,2025-04-26 13:42:33,9683.85,INR,bill_payment,NEFT,,DEV000151,GEO000342,False,422674.76
TXN000649,ACC000099,ACC000111,2025-03-25 01:27:11,6424.75,INR,cash_withdrawal,net_banking,,DEV000152,GEO000341,False,146521.03
TXN000650,ACC000099,ACC000162,2025-06-01 09:57:10,9568.99,INR,cash_withdrawal,branch,BENE000238,DEV000151,GEO000341,False,360840.94
TXN000651,ACC000099,ACC000095,2025-05-13 00:23:02,32699.46,INR,bill_payment,branch,BENE000237,DEV000151,GEO000343,False,235446.19
TXN000652,ACC000099,ACC000079,2025-06-09 16:35:01,47567.21,INR,cash_withdrawal,mobile_app,BENE000238,DEV000151,GEO000343,False,278489.07
TXN000653,ACC000099,ACC000129,2025-07-21 11:04:17,10871.59,INR,cash_withdrawal,IMPS,,DEV000151,GEO000342,False,348898.1
TXN000654,ACC000099,ACC000173,2025-09-25 07:01:22,20527.75,INR,cash_withdrawal,mobile_app,BENE000238,DEV000152,GEO000341,False,105259.65
TXN000655,ACC000100,ACC000050,2025-11-18 18:25:05,31667.51,INR,merchant_payment,IMPS,,DEV000153,GEO000345,False,403545.79
TXN000656,ACC000100,ACC000207,2025-02-09 16:20:46,5585.45,INR,upi_p2p,RTGS,,DEV000154,GEO000344,False,303621.79
TXN000657,ACC000100,ACC000051,2025-04-04 15:10:50,35680.4,INR,upi_p2p,ATM,BENE000243,DEV000154,GEO000344,False,162187.06
TXN000658,ACC000100,ACC000058,2025-01-16 05:28:27,52966.49,INR,transfer,net_banking,,DEV000153,GEO000345,False,164393.09
TXN000659,ACC000100,ACC000025,2025-06-29 07:28:41,57652.25,INR,cash_deposit,mobile_app,BENE000241,DEV000153,GEO000344,False,498634.29
TXN000660,ACC000100,ACC000008,2025-08-16 14:45:26,6583.4,INR,cash_deposit,net_banking,BENE000242,DEV000153,GEO000344,False,167592.13
TXN000661,ACC000100,ACC000164,2025-09-30 22:55:50,29941.63,INR,upi_p2p,branch,,DEV000153,GEO000345,False,441258.35
TXN000662,ACC000101,ACC000095,2025-08-25 19:12:47,10546.25,INR,bill_payment,mobile_app,,DEV000155,GEO000348,False,404448.29
TXN000663,ACC000101,ACC000135,2025-09-06 06:36:01,10282.2,INR,cash_withdrawal,net_banking,BENE000244,DEV000155,GEO000347,False,172132.2
TXN000664,ACC000101,ACC000007,2025-08-16 19:06:29,2019.47,INR,cash_deposit,ATM,,DEV000155,GEO000347,False,303677.6
TXN000665,ACC000101,ACC000130,2025-02-27 10:21:47,1160.08,INR,cash_deposit,branch,BENE000244,DEV000155,GEO000348,False,128318.52
TXN000666,ACC000101,ACC000010,2025-09-28 01:45:25,9944.52,INR,upi_p2p,branch,,DEV000155,GEO000350,False,470393.19
TXN000667,ACC000102,ACC000213,2025-05-23 11:09:32,37902.58,INR,cash_withdrawal,ATM,BENE000247,DEV000157,GEO000352,False,24132.84
TXN000668,ACC000102,ACC000178,2025-02-07 06:38:53,7167.46,INR,bill_payment,NEFT,,DEV000156,GEO000351,False,437539.72
TXN000669,ACC000102,ACC000015,2025-07-22 01:08:33,53119.25,INR,cash_withdrawal,NEFT,,DEV000157,GEO000351,False,381605.36
TXN000670,ACC000103,ACC000040,2025-09-23 23:48:22,27446.6,INR,cash_withdrawal,ATM,,DEV000158,GEO000353,False,127759.43
TXN000671,ACC000103,ACC000088,2025-05-19 04:15:10,3312.71,INR,cash_deposit,UPI,BENE000251,DEV000159,GEO000353,False,212812.31
TXN000672,ACC000103,ACC000144,2025-09-08 03:55:18,54164.59,INR,merchant_payment,ATM,BENE000248,DEV000160,GEO000354,False,58798.46
TXN000673,ACC000103,ACC000078,2025-12-15 02:41:07,33360.94,INR,merchant_payment,RTGS,BENE000251,DEV000158,GEO000354,False,431554.01
TXN000674,ACC000103,ACC000141,2025-10-14 02:09:04,53644.75,INR,bill_payment,NEFT,BENE000250,DEV000158,GEO000353,False,307639.76
TXN000675,ACC000103,ACC000032,2025-01-21 17:43:38,6327.99,INR,cash_withdrawal,RTGS,,DEV000160,GEO000353,False,24698.14
TXN000676,ACC000103,ACC000095,2025-08-08 05:09:54,34934.45,INR,transfer,branch,,DEV000159,GEO000353,False,357611.73
TXN000677,ACC000103,ACC000116,2025-04-10 03:02:47,35057.37,INR,bill_payment,NEFT,,DEV000160,GEO000354,False,286784.91
TXN000678,ACC000103,ACC000097,2025-12-04 17:04:22,46875.02,INR,cash_withdrawal,RTGS,BENE000250,DEV000158,GEO000354,False,290060.51
TXN000679,ACC000104,ACC000038,2025-05-09 07:07:14,34007.32,INR,cash_withdrawal,mobile_app,,DEV000161,GEO000359,False,487452.02
TXN000680,ACC000104,ACC000050,2025-03-10 00:16:14,53454.27,INR,transfer,UPI,,DEV000161,GEO000357,False,388358.12
TXN000681,ACC000104,ACC000111,2025-06-06 23:31:49,33922.13,INR,transfer,NEFT,BENE000253,DEV000161,GEO000359,False,320479.5
TXN000682,ACC000104,ACC000118,2025-10-24 15:03:13,25178.68,INR,transfer,RTGS,BENE000254,DEV000161,GEO000356,False,114827.07
TXN000683,ACC000104,ACC000156,2025-03-27 14:15:07,19681.53,INR,upi_p2p,IMPS,BENE000254,DEV000161,GEO000359,False,378749.09
TXN000684,ACC000104,ACC000215,2025-11-14 23:31:02,58860.01,INR,transfer,IMPS,,DEV000161,GEO000355,False,451222.0
TXN000685,ACC000105,ACC000088,2025-01-12 15:03:36,9841.35,INR,bill_payment,NEFT,,DEV000162,GEO000364,False,217638.64
TXN000686,ACC000105,ACC000069,2025-02-06 07:27:31,13955.01,INR,cash_deposit,NEFT,,DEV000162,GEO000363,False,461807.25
TXN000687,ACC000105,ACC000056,2025-01-06 19:11:11,10061.51,INR,cash_deposit,net_banking,,DEV000162,GEO000361,False,157533.65
TXN000688,ACC000105,ACC000087,2025-12-25 18:40:56,13372.6,INR,cash_withdrawal,ATM,,DEV000162,GEO000363,False,121059.8
TXN000689,ACC000105,ACC000204,2025-10-28 06:13:56,5654.65,INR,merchant_payment,branch,,DEV000162,GEO000360,False,82958.48
TXN000690,ACC000105,ACC000193,2025-03-28 21:21:30,217.17,INR,upi_p2p,NEFT,BENE000255,DEV000162,GEO000363,False,59275.19
TXN000691,ACC000105,ACC000196,2025-05-31 08:50:54,9045.25,INR,transfer,net_banking,BENE000255,DEV000162,GEO000364,False,24910.16
TXN000692,ACC000105,ACC000017,2025-05-26 17:02:15,9465.01,INR,merchant_payment,branch,,DEV000162,GEO000362,False,37508.24
TXN000693,ACC000105,ACC000189,2025-05-05 19:35:52,1153.57,INR,cash_deposit,UPI,,DEV000162,GEO000364,False,321394.54
TXN000694,ACC000106,ACC000013,2025-10-11 11:52:22,22227.99,INR,upi_p2p,branch,,DEV000163,GEO000365,False,220884.13
TXN000695,ACC000106,ACC000154,2025-04-20 07:46:44,23566.13,INR,transfer,RTGS,BENE000259,DEV000163,GEO000367,False,336025.32
TXN000696,ACC000106,ACC000153,2025-02-23 06:43:56,20804.12,INR,merchant_payment,net_banking,,DEV000163,GEO000367,False,237595.54
TXN000697,ACC000106,ACC000099,2025-12-25 11:49:22,3052.17,INR,bill_payment,net_banking,BENE000259,DEV000163,GEO000365,False,34511.89
TXN000698,ACC000106,ACC000050,2025-03-19 01:35:16,12319.45,INR,bill_payment,net_banking,BENE000259,DEV000163,GEO000366,False,102106.67
TXN000699,ACC000107,ACC000028,2025-07-01 10:33:08,32772.19,INR,transfer,RTGS,,DEV000164,GEO000369,False,449657.85
TXN000700,ACC000107,ACC000043,2025-09-21 07:43:22,6279.06,INR,merchant_payment,UPI,BENE000261,DEV000164,GEO000371,False,119748.52
TXN000701,ACC000107,ACC000132,2025-09-18 01:25:50,19201.81,INR,cash_deposit,RTGS,BENE000260,DEV000165,GEO000371,False,224297.19
TXN000702,ACC000107,ACC000171,2025-07-31 17:31:40,17944.34,INR,cash_withdrawal,mobile_app,BENE000261,DEV000164,GEO000370,False,147714.24
TXN000703,ACC000107,ACC000012,2025-11-14 11:17:30,5852.07,INR,cash_withdrawal,branch,BENE000261,DEV000164,GEO000369,False,416168.21
TXN000704,ACC000107,ACC000102,2025-07-02 16:25:38,32144.07,INR,bill_payment,RTGS,,DEV000165,GEO000369,False,38514.1
TXN000705,ACC000107,ACC000214,2025-03-04 17:04:26,38415.94,INR,cash_deposit,UPI,BENE000261,DEV000164,GEO000369,False,86638.19
TXN000706,ACC000107,ACC000140,2025-05-13 02:18:42,44125.97,INR,cash_deposit,RTGS,,DEV000164,GEO000371,False,116582.77
TXN000707,ACC000107,ACC000211,2025-07-29 11:11:55,14733.16,INR,transfer,UPI,BENE000260,DEV000165,GEO000371,False,286640.26
TXN000708,ACC000108,ACC000190,2025-01-09 21:37:03,29671.0,INR,upi_p2p,NEFT,BENE000264,DEV000167,GEO000372,False,31483.38
TXN000709,ACC000108,ACC000128,2025-04-02 15:12:45,54038.69,INR,merchant_payment,UPI,,DEV000166,GEO000374,False,188682.3
TXN000710,ACC000108,ACC000037,2025-02-02 18:13:20,39602.85,INR,bill_payment,UPI,BENE000262,DEV000166,GEO000374,False,44008.38
TXN000711,ACC000108,ACC000101,2025-09-21 14:22:54,52432.35,INR,cash_withdrawal,mobile_app,,DEV000167,GEO000375,False,343687.0
TXN000712,ACC000108,ACC000104,2025-08-10 03:29:20,9190.36,INR,transfer,UPI,BENE000263,DEV000166,GEO000373,False,484489.35
TXN000713,ACC000108,ACC000194,2025-08-19 18:04:35,57302.49,INR,merchant_payment,branch,,DEV000166,GEO000375,False,271386.96
TXN000714,ACC000108,ACC000201,2025-08-01 07:51:24,52111.04,INR,bill_payment,UPI,,DEV000166,GEO000374,False,475748.59
TXN000715,ACC000108,ACC000178,2025-10-11 08:42:28,13941.98,INR,merchant_payment,NEFT,,DEV000167,GEO000374,False,149770.5
TXN000716,ACC000108,ACC000156,2025-05-12 03:47:14,50798.9,INR,merchant_payment,net_banking,BENE000264,DEV000166,GEO000374,False,273300.5
TXN000717,ACC000108,ACC000118,2025-11-11 16:09:53,45120.23,INR,transfer,RTGS,,DEV000166,GEO000374,False,118405.18
TXN000718,ACC000109,ACC000115,2025-06-01 15:41:17,24310.79,INR,merchant_payment,UPI,BENE000268,DEV000168,GEO000380,False,390343.72
TXN000719,ACC000109,ACC000158,2025-01-25 15:41:11,36517.96,INR,upi_p2p,RTGS,,DEV000169,GEO000380,False,192852.73
TXN000720,ACC000109,ACC000039,2025-11-29 20:02:25,31683.33,INR,cash_deposit,RTGS,BENE000266,DEV000168,GEO000377,False,247459.67
TXN000721,ACC000109,ACC000192,2025-01-15 19:51:45,40108.28,INR,merchant_payment,IMPS,,DEV000168,GEO000379,False,341487.02
TXN000722,ACC000109,ACC000203,2025-04-03 05:29:21,18812.15,INR,upi_p2p,branch,,DEV000168,GEO000378,False,195687.06
TXN000723,ACC000109,ACC000187,2025-08-29 14:31:24,16954.17,INR,cash_deposit,mobile_app,BENE000266,DEV000168,GEO000376,False,389411.16
TXN000724,ACC000109,ACC000088,2025-11-28 01:42:15,19107.39,INR,cash_withdrawal,UPI,,DEV000169,GEO000379,False,98857.52
TXN000725,ACC000109,ACC000091,2025-11-17 23:14:38,41355.14,INR,cash_withdrawal,UPI,,DEV000168,GEO000377,False,369940.9
TXN000726,ACC000109,ACC000217,2025-04-15 13:36:53,40058.16,INR,bill_payment,ATM,BENE000267,DEV000168,GEO000378,False,40723.87
TXN000727,ACC000110,ACC000048,2025-07-27 00:17:42,21929.5,INR,upi_p2p,RTGS,BENE000269,DEV000170,GEO000383,False,202422.05
TXN000728,ACC000110,ACC000151,2025-03-28 01:56:51,24978.09,INR,bill_payment,IMPS,BENE000269,DEV000170,GEO000381,False,280406.83
TXN000729,ACC000110,ACC000101,2025-05-24 09:29:10,10638.29,INR,upi_p2p,RTGS,,DEV000170,GEO000384,False,279783.77
TXN000730,ACC000110,ACC000005,2025-08-25 20:31:46,9343.86,INR,cash_deposit,branch,BENE000269,DEV000170,GEO000382,False,314435.75
TXN000731,ACC000110,ACC000031,2025-12-07 21:13:24,19473.43,INR,merchant_payment,net_banking,,DEV000170,GEO000384,False,83242.63
TXN000732,ACC000110,ACC000051,2025-07-22 13:07:45,23970.52,INR,cash_withdrawal,ATM,BENE000269,DEV000170,GEO000381,False,105882.75
TXN000733,ACC000110,ACC000079,2025-02-04 06:09:04,9480.96,INR,cash_deposit,net_banking,BENE000269,DEV000170,GEO000383,False,364737.3
TXN000734,ACC000110,ACC000094,2025-08-29 13:02:08,25485.0,INR,cash_deposit,RTGS,,DEV000170,GEO000382,False,224216.1
TXN000735,ACC000111,ACC000012,2025-01-07 05:39:35,57596.05,INR,cash_withdrawal,UPI,,DEV000171,GEO000386,False,396434.68
TXN000736,ACC000111,ACC000010,2025-10-29 11:57:16,21360.8,INR,cash_deposit,NEFT,,DEV000171,GEO000387,False,236970.97
TXN000737,ACC000111,ACC000016,2025-08-23 23:40:39,44003.61,INR,bill_payment,RTGS,BENE000270,DEV000171,GEO000386,False,422506.39
TXN000738,ACC000111,ACC000135,2025-08-05 15:07:03,51415.91,INR,cash_withdrawal,NEFT,,DEV000171,GEO000385,False,279145.89
TXN000739,ACC000111,ACC000208,2025-10-29 07:31:52,25803.48,INR,transfer,IMPS,,DEV000171,GEO000386,False,140489.5
TXN000740,ACC000111,ACC000043,2025-02-23 16:17:42,29664.17,INR,cash_withdrawal,IMPS,,DEV000171,GEO000387,False,366711.01
TXN000741,ACC000111,ACC000109,2025-05-22 06:01:14,47836.83,INR,cash_withdrawal,branch,BENE000272,DEV000171,GEO000387,False,455332.89
TXN000742,ACC000111,ACC000022,2025-11-12 12:17:00,41652.18,INR,cash_withdrawal,mobile_app,,DEV000171,GEO000385,False,22394.59
TXN000743,ACC000112,ACC000096,2025-09-06 05:26:59,13928.49,INR,upi_p2p,ATM,BENE000273,DEV000172,GEO000389,False,399856.74
TXN000744,ACC000112,ACC000082,2025-01-27 21:23:15,12658.97,INR,cash_withdrawal,IMPS,,DEV000172,GEO000388,False,317075.51
TXN000745,ACC000112,ACC000109,2025-08-04 18:03:52,44341.68,INR,upi_p2p,net_banking,BENE000276,DEV000172,GEO000390,False,193527.0
TXN000746,ACC000112,ACC000159,2025-10-06 08:28:39,29539.64,INR,cash_deposit,ATM,,DEV000172,GEO000391,False,394625.0
TXN000747,ACC000112,ACC000185,2025-04-24 15:51:54,38660.11,INR,bill_payment,mobile_app,,DEV000172,GEO000390,False,492410.2
TXN000748,ACC000112,ACC000181,2025-03-07 03:09:38,55170.62,INR,cash_withdrawal,ATM,BENE000274,DEV000172,GEO000392,False,354075.33
TXN000749,ACC000112,ACC000207,2025-11-14 00:59:22,6530.5,INR,bill_payment,ATM,BENE000274,DEV000172,GEO000389,False,439453.35
TXN000750,ACC000113,ACC000161,2025-04-29 09:35:21,37519.26,INR,transfer,NEFT,,DEV000173,GEO000393,False,208268.63
TXN000751,ACC000113,ACC000126,2025-03-04 04:42:49,12396.63,INR,merchant_payment,RTGS,,DEV000173,GEO000393,False,383700.57
TXN000752,ACC000113,ACC000104,2025-07-21 10:27:36,42428.77,INR,upi_p2p,RTGS,,DEV000173,GEO000393,False,240559.71
TXN000753,ACC000114,ACC000067,2025-10-18 00:55:42,58403.1,INR,merchant_payment,branch,BENE000279,DEV000175,GEO000396,False,163391.69
TXN000754,ACC000114,ACC000159,2025-02-05 01:02:32,30753.5,INR,upi_p2p,RTGS,BENE000279,DEV000175,GEO000399,False,196855.29
TXN000755,ACC000114,ACC000141,2025-12-04 11:57:00,11062.82,INR,cash_deposit,net_banking,BENE000280,DEV000175,GEO000396,False,99962.27
TXN000756,ACC000114,ACC000202,2025-10-06 12:44:09,43752.55,INR,merchant_payment,UPI,BENE000280,DEV000174,GEO000397,False,288747.39
TXN000757,ACC000114,ACC000146,2025-12-20 06:28:24,36965.59,INR,upi_p2p,NEFT,,DEV000174,GEO000395,False,399902.08
TXN000758,ACC000114,ACC000169,2025-11-28 14:37:17,35193.57,INR,upi_p2p,branch,,DEV000174,GEO000399,False,118990.91
TXN000759,ACC000114,ACC000043,2025-05-07 06:10:30,39268.52,INR,upi_p2p,ATM,,DEV000174,GEO000397,False,154722.65
TXN000760,ACC000114,ACC000107,2025-02-17 10:34:53,29448.37,INR,upi_p2p,RTGS,BENE000282,DEV000175,GEO000396,False,145631.55
TXN000761,ACC000115,ACC000147,2025-05-10 04:16:55,15810.07,INR,cash_withdrawal,RTGS,,DEV000176,GEO000400,False,302200.1
TXN000762,ACC000115,ACC000218,2025-12-01 05:30:21,35019.49,INR,transfer,UPI,BENE000283,DEV000176,GEO000401,False,166223.75
TXN000763,ACC000115,ACC000171,2025-12-16 22:36:19,35834.57,INR,merchant_payment,RTGS,BENE000284,DEV000176,GEO000400,False,69999.41
TXN000764,ACC000116,ACC000034,2025-02-27 23:00:49,679.67,INR,upi_p2p,net_banking,BENE000286,DEV000178,GEO000404,False,274441.76
TXN000765,ACC000116,ACC000045,2025-01-15 14:59:22,15290.72,INR,cash_withdrawal,RTGS,BENE000286,DEV000178,GEO000405,False,346966.49
TXN000766,ACC000116,ACC000185,2025-10-01 18:38:13,15207.76,INR,upi_p2p,IMPS,,DEV000178,GEO000403,False,197778.54
TXN000767,ACC000116,ACC000016,2025-11-07 04:20:58,14513.15,INR,transfer,ATM,,DEV000178,GEO000404,False,118907.38
TXN000768,ACC000116,ACC000100,2025-09-08 15:37:40,1600.98,INR,merchant_payment,IMPS,BENE000286,DEV000178,GEO000405,False,477093.0
TXN000769,ACC000116,ACC000187,2025-08-10 13:35:44,15549.84,INR,transfer,mobile_app,,DEV000178,GEO000403,False,365153.66
TXN000770,ACC000117,ACC000170,2025-01-10 07:58:31,4900.3,INR,bill_payment,RTGS,BENE000288,DEV000179,GEO000406,False,455915.57
TXN000771,ACC000117,ACC000148,2025-06-11 09:31:38,50630.16,INR,transfer,ATM,,DEV000179,GEO000406,False,58469.9
TXN000772,ACC000117,ACC000102,2025-01-19 19:16:26,32388.72,INR,upi_p2p,UPI,BENE000289,DEV000179,GEO000406,False,205645.64
TXN000773,ACC000117,ACC000193,2025-09-14 09:20:59,7297.33,INR,transfer,net_banking,BENE000288,DEV000179,GEO000406,False,65621.74
TXN000774,ACC000117,ACC000047,2025-01-17 06:04:50,6347.96,INR,upi_p2p,mobile_app,,DEV000179,GEO000406,False,331197.12
TXN000775,ACC000117,ACC000136,2025-10-23 03:15:57,22444.09,INR,bill_payment,ATM,BENE000288,DEV000179,GEO000406,False,216292.83
TXN000776,ACC000117,ACC000087,2025-03-22 22:26:47,27451.2,INR,upi_p2p,UPI,,DEV000179,GEO000407,False,52711.15
TXN000777,ACC000117,ACC000196,2025-11-01 20:44:23,14535.7,INR,transfer,net_banking,,DEV000179,GEO000406,False,341837.82
TXN000778,ACC000118,ACC000087,2025-11-30 22:19:31,435.93,INR,upi_p2p,IMPS,,DEV000180,GEO000409,False,188412.89
TXN000779,ACC000118,ACC000005,2025-11-23 05:17:13,22417.58,INR,bill_payment,IMPS,,DEV000181,GEO000411,False,33942.77
TXN000780,ACC000118,ACC000190,2025-10-13 19:51:39,17881.38,INR,bill_payment,IMPS,,DEV000180,GEO000411,False,388405.13
TXN000781,ACC000118,ACC000059,2025-06-26 05:06:37,3402.14,INR,cash_withdrawal,ATM,,DEV000181,GEO000410,False,270280.02
TXN000782,ACC000118,ACC000100,2025-04-30 04:56:10,20780.32,INR,bill_payment,ATM,,DEV000180,GEO000410,False,444163.05
TXN000783,ACC000119,ACC000007,2025-02-24 16:46:41,59407.98,INR,transfer,NEFT,,DEV000182,GEO000414,False,240175.94
TXN000784,ACC000119,ACC000143,2025-07-12 04:24:08,16820.26,INR,bill_payment,mobile_app,BENE000294,DEV000183,GEO000412,False,206758.23
TXN000785,ACC000119,ACC000034,2025-02-19 02:54:17,51628.65,INR,merchant_payment,net_banking,BENE000295,DEV000183,GEO000414,False,414056.05
TXN000786,ACC000119,ACC000176,2025-09-03 08:11:40,38594.05,INR,bill_payment,branch,BENE000294,DEV000182,GEO000413,False,308452.46
TXN000787,ACC000119,ACC000104,2025-07-12 18:39:44,33952.81,INR,upi_p2p,RTGS,,DEV000183,GEO000415,False,154821.4
TXN000788,ACC000120,ACC000095,2025-06-21 23:18:34,35489.35,INR,cash_withdrawal,IMPS,,DEV000185,GEO000420,False,472939.31
TXN000789,ACC000120,ACC000065,2025-07-06 05:55:49,50526.41,INR,bill_payment,branch,BENE000298,DEV000185,GEO000420,False,277915.76
TXN000790,ACC000120,ACC000197,2025-02-16 00:35:21,47876.09,INR,merchant_payment,net_banking,BENE000298,DEV000184,GEO000418,False,277367.83
TXN000791,ACC000120,ACC000026,2025-06-24 12:01:11,24038.57,INR,transfer,RTGS,,DEV000184,GEO000420,False,272641.94
TXN000792,ACC000121,ACC000208,2025-10-10 05:55:21,40277.63,INR,cash_deposit,net_banking,,DEV000186,GEO000421,False,54982.63
TXN000793,ACC000121,ACC000088,2025-10-01 12:35:13,3835.99,INR,transfer,ATM,BENE000299,DEV000186,GEO000424,False,27887.66
TXN000794,ACC000121,ACC000183,2025-03-31 00:11:46,20061.93,INR,transfer,branch,BENE000299,DEV000186,GEO000423,False,400712.3
TXN000795,ACC000121,ACC000045,2025-02-14 08:28:32,42303.07,INR,transfer,mobile_app,BENE000300,DEV000186,GEO000422,False,223963.1
TXN000796,ACC000122,ACC000153,2025-04-09 13:13:14,29871.21,INR,bill_payment,net_banking,BENE000301,DEV000187,GEO000426,False,303874.38
TXN000797,ACC000122,ACC000041,2025-11-16 11:03:07,48629.99,INR,cash_deposit,branch,BENE000301,DEV000188,GEO000426,False,40387.77
TXN000798,ACC000122,ACC000150,2025-01-25 21:13:05,31572.03,INR,bill_payment,RTGS,BENE000302,DEV000187,GEO000425,False,202089.19
TXN000799,ACC000122,ACC000109,2025-02-08 21:37:32,18773.96,INR,cash_withdrawal,mobile_app,BENE000302,DEV000187,GEO000425,False,333601.73
TXN000800,ACC000122,ACC000032,2025-12-21 22:26:21,15288.53,INR,transfer,branch,,DEV000187,GEO000425,False,281897.47
TXN000801,ACC000122,ACC000180,2025-11-30 04:23:48,42508.94,INR,upi_p2p,branch,BENE000301,DEV000187,GEO000426,False,159016.29
TXN000802,ACC000122,ACC000045,2025-01-17 10:14:09,15480.2,INR,merchant_payment,mobile_app,,DEV000188,GEO000426,False,198105.1
TXN000803,ACC000122,ACC000156,2025-07-25 12:23:19,59383.93,INR,upi_p2p,ATM,BENE000302,DEV000187,GEO000425,False,342892.7
TXN000804,ACC000122,ACC000209,2025-06-11 00:07:51,23056.83,INR,merchant_payment,branch,,DEV000187,GEO000426,False,477770.57
TXN000805,ACC000123,ACC000056,2025-07-08 08:06:43,5098.14,INR,transfer,RTGS,BENE000304,DEV000190,GEO000429,False,381335.36
TXN000806,ACC000123,ACC000112,2025-03-13 01:49:35,3804.3,INR,upi_p2p,branch,,DEV000189,GEO000430,False,34430.8
TXN000807,ACC000123,ACC000211,2025-12-20 19:47:44,4712.97,INR,cash_deposit,UPI,BENE000306,DEV000189,GEO000428,False,410087.05
TXN000808,ACC000123,ACC000139,2025-11-24 20:59:18,3130.94,INR,transfer,NEFT,,DEV000189,GEO000428,False,329972.66
TXN000809,ACC000123,ACC000162,2025-11-08 22:49:40,11485.09,INR,cash_withdrawal,net_banking,BENE000306,DEV000189,GEO000428,False,450515.4
TXN000810,ACC000124,ACC000022,2025-06-22 14:38:15,57758.65,INR,upi_p2p,branch,,DEV000191,GEO000431,False,464109.79
TXN000811,ACC000124,ACC000067,2025-04-29 02:32:55,32199.22,INR,bill_payment,net_banking,,DEV000192,GEO000432,False,368985.34
TXN000812,ACC000124,ACC000060,2025-08-10 18:55:20,58974.79,INR,merchant_payment,IMPS,,DEV000192,GEO000431,False,31795.53
TXN000813,ACC000124,ACC000007,2025-04-11 18:43:17,32497.68,INR,cash_deposit,RTGS,,DEV000192,GEO000432,False,414576.51
TXN000814,ACC000125,ACC000216,2025-03-15 08:48:33,22938.94,INR,transfer,branch,,DEV000194,GEO000433,False,334323.89
TXN000815,ACC000125,ACC000041,2025-07-18 09:55:01,53481.2,INR,upi_p2p,branch,,DEV000193,GEO000434,False,252838.67
TXN000816,ACC000125,ACC000119,2025-10-10 00:43:31,45178.96,INR,merchant_payment,RTGS,BENE000312,DEV000193,GEO000434,False,115439.3
TXN000817,ACC000125,ACC000031,2025-04-11 10:48:22,54302.35,INR,transfer,NEFT,BENE000313,DEV000193,GEO000434,False,449893.91
TXN000818,ACC000125,ACC000165,2025-04-07 08:34:01,10786.35,INR,cash_withdrawal,ATM,BENE000313,DEV000194,GEO000434,False,290935.84
TXN000819,ACC000126,ACC000047,2025-04-24 17:33:31,38471.92,INR,merchant_payment,NEFT,BENE000315,DEV000195,GEO000439,False,360457.11
TXN000820,ACC000126,ACC000157,2025-06-16 17:26:34,1732.14,INR,cash_deposit,branch,BENE000315,DEV000195,GEO000435,False,280855.74
TXN000821,ACC000126,ACC000027,2025-05-30 21:10:36,8711.91,INR,cash_withdrawal,ATM,,DEV000195,GEO000437,False,63403.79
TXN000822,ACC000126,ACC000129,2025-08-11 20:51:33,57617.21,INR,bill_payment,branch,,DEV000195,GEO000439,False,114748.08
TXN000823,ACC000126,ACC000011,2025-12-08 21:18:36,26267.31,INR,cash_withdrawal,NEFT,,DEV000195,GEO000436,False,376694.74
TXN000824,ACC000126,ACC000114,2025-08-22 18:30:37,34629.86,INR,cash_deposit,mobile_app,BENE000315,DEV000195,GEO000435,False,499356.69
TXN000825,ACC000126,ACC000029,2025-08-16 18:33:25,53784.37,INR,upi_p2p,ATM,,DEV000195,GEO000439,False,82459.31
TXN000826,ACC000126,ACC000211,2025-12-06 02:11:15,12433.35,INR,cash_deposit,net_banking,BENE000317,DEV000195,GEO000436,False,447326.79
TXN000827,ACC000126,ACC000088,2025-03-14 11:03:18,58864.55,INR,transfer,branch,,DEV000195,GEO000439,False,200903.54
TXN000828,ACC000127,ACC000043,2025-05-20 22:23:24,54404.46,INR,cash_withdrawal,branch,BENE000318,DEV000197,GEO000440,False,215029.94
TXN000829,ACC000127,ACC000167,2025-01-13 06:12:52,52407.91,INR,upi_p2p,branch,,DEV000197,GEO000440,False,208779.04
TXN000830,ACC000127,ACC000217,2025-01-25 12:52:35,28308.76,INR,upi_p2p,RTGS,,DEV000196,GEO000440,False,297679.05
TXN000831,ACC000128,ACC000140,2025-07-30 02:52:30,57394.28,INR,upi_p2p,mobile_app,,DEV000198,GEO000443,False,73584.63
TXN000832,ACC000128,ACC000070,2025-01-31 22:06:25,26682.49,INR,cash_deposit,net_banking,,DEV000198,GEO000443,False,459639.25
TXN000833,ACC000128,ACC000161,2025-05-27 05:31:49,56841.66,INR,merchant_payment,NEFT,,DEV000198,GEO000444,False,198517.96
TXN000834,ACC000129,ACC000080,2025-12-28 07:06:56,30502.05,INR,merchant_payment,branch,BENE000325,DEV000199,GEO000446,False,489469.2
TXN000835,ACC000129,ACC000206,2025-09-14 06:46:31,3148.17,INR,transfer,UPI,,DEV000199,GEO000445,False,390741.95
TXN000836,ACC000129,ACC000093,2025-04-06 16:34:54,41880.06,INR,cash_deposit,mobile_app,BENE000325,DEV000199,GEO000445,False,211818.6
TXN000837,ACC000129,ACC000187,2025-01-25 00:38:36,13778.74,INR,merchant_payment,NEFT,BENE000325,DEV000199,GEO000446,False,487956.25
TXN000838,ACC000129,ACC000166,2025-02-18 20:11:47,6180.5,INR,merchant_payment,branch,,DEV000199,GEO000446,False,190112.48
TXN000839,ACC000129,ACC000002,2025-01-20 02:07:38,1681.44,INR,upi_p2p,branch,,DEV000199,GEO000446,False,290601.58
TXN000840,ACC000129,ACC000046,2025-01-19 05:40:59,17740.38,INR,cash_deposit,NEFT,,DEV000199,GEO000447,False,307081.84
TXN000841,ACC000129,ACC000111,2025-07-13 05:04:05,24745.53,INR,cash_withdrawal,NEFT,BENE000325,DEV000199,GEO000445,False,158059.05
TXN000842,ACC000129,ACC000094,2025-07-10 07:24:14,45424.72,INR,cash_withdrawal,mobile_app,,DEV000199,GEO000446,False,482414.16
TXN000843,ACC000129,ACC000050,2025-10-31 09:51:58,30484.03,INR,merchant_payment,mobile_app,BENE000325,DEV000199,GEO000445,False,129786.18
TXN000844,ACC000130,ACC000098,2025-11-01 04:41:25,7454.72,INR,upi_p2p,UPI,,DEV000201,GEO000450,False,28042.01
TXN000845,ACC000130,ACC000102,2025-09-03 16:28:59,18724.3,INR,merchant_payment,IMPS,BENE000326,DEV000200,GEO000448,False,80971.81
TXN000846,ACC000130,ACC000048,2025-02-15 23:42:04,9900.68,INR,cash_withdrawal,UPI,,DEV000201,GEO000451,False,239704.08
TXN000847,ACC000130,ACC000169,2025-07-04 01:31:10,17427.28,INR,bill_payment,IMPS,BENE000326,DEV000200,GEO000451,False,89261.88
TXN000848,ACC000130,ACC000182,2025-02-08 19:16:21,5319.12,INR,merchant_payment,branch,BENE000326,DEV000201,GEO000448,False,55065.58
TXN000849,ACC000130,ACC000151,2025-07-20 11:59:19,54662.12,INR,cash_deposit,RTGS,,DEV000200,GEO000449,False,87271.69
TXN000850,ACC000130,ACC000153,2025-12-09 17:17:46,52432.01,INR,cash_deposit,mobile_app,BENE000326,DEV000201,GEO000451,False,396471.63
TXN000851,ACC000130,ACC000219,2025-03-05 17:36:55,35617.46,INR,cash_deposit,net_banking,,DEV000200,GEO000448,False,27682.14
TXN000852,ACC000130,ACC000136,2025-04-08 13:37:10,12890.04,INR,cash_deposit,IMPS,BENE000326,DEV000200,GEO000451,False,433332.79
TXN000853,ACC000131,ACC000119,2025-08-04 04:39:26,7034.17,INR,upi_p2p,UPI,,DEV000203,GEO000455,False,88239.39
TXN000854,ACC000131,ACC000033,2025-02-17 22:13:34,13303.44,INR,upi_p2p,ATM,BENE000328,DEV000203,GEO000455,False,24527.39
TXN000855,ACC000131,ACC000174,2025-06-16 16:46:52,5163.7,INR,upi_p2p,IMPS,BENE000327,DEV000203,GEO000456,False,435065.29
TXN000856,ACC000132,ACC000029,2025-02-24 08:22:11,8865.14,INR,bill_payment,RTGS,,DEV000204,GEO000459,False,310774.23
TXN000857,ACC000132,ACC000209,2025-02-02 23:00:56,4335.48,INR,cash_deposit,ATM,,DEV000204,GEO000459,False,339580.59
TXN000858,ACC000132,ACC000043,2025-07-10 00:28:07,1757.13,INR,bill_payment,NEFT,,DEV000204,GEO000458,False,177461.47
TXN000859,ACC000132,ACC000004,2025-09-12 09:33:11,5180.94,INR,transfer,NEFT,BENE000330,DEV000204,GEO000458,False,17566.87
TXN000860,ACC000133,ACC000084,2025-10-07 07:18:18,32810.06,INR,bill_payment,branch,,DEV000205,GEO000462,False,440667.19
TXN000861,ACC000133,ACC000004,2025-01-14 21:20:37,51498.74,INR,upi_p2p,net_banking,BENE000333,DEV000205,GEO000463,False,144016.26
TXN000862,ACC000133,ACC000018,2025-11-24 05:13:47,25614.08,INR,bill_payment,branch,,DEV000206,GEO000462,False,477800.24
TXN000863,ACC000133,ACC000067,2025-04-12 16:58:08,25764.35,INR,merchant_payment,ATM,BENE000333,DEV000206,GEO000460,False,109503.9
TXN000864,ACC000133,ACC000181,2025-11-01 14:00:10,33237.77,INR,transfer,IMPS,BENE000332,DEV000205,GEO000460,False,480212.15
TXN000865,ACC000133,ACC000132,2025-09-14 17:37:24,15476.32,INR,merchant_payment,NEFT,,DEV000206,GEO000461,False,382402.75
TXN000866,ACC000134,ACC000079,2025-05-03 03:22:18,28978.2,INR,upi_p2p,UPI,BENE000334,DEV000207,GEO000464,False,340830.85
TXN000867,ACC000134,ACC000065,2025-05-27 08:25:24,14106.56,INR,transfer,NEFT,BENE000334,DEV000207,GEO000464,False,415989.13
TXN000868,ACC000134,ACC000167,2025-03-29 22:03:11,35625.1,INR,bill_payment,ATM,BENE000334,DEV000207,GEO000464,False,492679.93
TXN000869,ACC000135,ACC000008,2025-06-02 04:44:46,55213.05,INR,bill_payment,ATM,,DEV000208,GEO000466,False,278965.88
TXN000870,ACC000135,ACC000055,2025-03-07 03:51:11,8913.2,INR,transfer,net_banking,BENE000335,DEV000208,GEO000466,False,9122.45
TXN000871,ACC000135,ACC000178,2025-07-22 17:35:36,23279.2,INR,cash_deposit,NEFT,,DEV000208,GEO000466,False,254453.67
TXN000872,ACC000135,ACC000162,2025-08-20 19:11:56,40354.09,INR,merchant_payment,RTGS,BENE000335,DEV000209,GEO000466,False,409097.1
TXN000873,ACC000135,ACC000049,2025-05-25 17:32:55,23146.21,INR,transfer,branch,,DEV000208,GEO000466,False,145392.14
TXN000874,ACC000135,ACC000082,2025-09-10 09:16:48,14789.32,INR,transfer,mobile_app,BENE000335,DEV000209,GEO000467,False,98298.72
TXN000875,ACC000135,ACC000080,2025-06-08 17:03:43,52008.0,INR,merchant_payment,IMPS,BENE000335,DEV000208,GEO000466,False,229064.99
TXN000876,ACC000135,ACC000193,2025-06-07 00:08:28,54976.76,INR,transfer,IMPS,,DEV000209,GEO000467,False,294574.82
TXN000877,ACC000135,ACC000113,2025-11-20 22:17:34,4657.07,INR,transfer,mobile_app,,DEV000209,GEO000467,False,334552.54
TXN000878,ACC000135,ACC000109,2025-04-15 08:12:34,5703.25,INR,transfer,NEFT,,DEV000209,GEO000467,False,354770.43
TXN000879,ACC000136,ACC000073,2025-01-01 14:46:45,29593.33,INR,merchant_payment,IMPS,,DEV000210,GEO000471,False,461275.02
TXN000880,ACC000136,ACC000152,2025-04-15 09:59:57,28307.47,INR,cash_deposit,mobile_app,,DEV000210,GEO000470,False,380344.18
TXN000881,ACC000136,ACC000111,2025-06-12 23:47:53,20149.47,INR,cash_withdrawal,UPI,BENE000340,DEV000211,GEO000471,False,392670.91
TXN000882,ACC000136,ACC000060,2025-07-29 16:33:52,15972.59,INR,merchant_payment,net_banking,,DEV000211,GEO000471,False,37251.28
TXN000883,ACC000136,ACC000008,2025-05-25 01:55:51,29414.58,INR,cash_deposit,UPI,,DEV000211,GEO000471,False,285105.5
TXN000884,ACC000137,ACC000006,2025-09-27 05:13:03,35763.16,INR,bill_payment,mobile_app,BENE000342,DEV000212,GEO000472,False,227821.51
TXN000885,ACC000137,ACC000162,2025-07-22 17:10:29,34723.27,INR,bill_payment,NEFT,,DEV000212,GEO000473,False,277094.71
TXN000886,ACC000137,ACC000002,2025-10-23 13:31:21,56627.76,INR,merchant_payment,IMPS,,DEV000212,GEO000472,False,181242.25
TXN000887,ACC000137,ACC000131,2025-05-03 01:59:49,58296.62,INR,transfer,RTGS,BENE000341,DEV000212,GEO000473,False,335811.14
TXN000888,ACC000137,ACC000036,2025-07-09 15:04:42,17948.51,INR,merchant_payment,UPI,,DEV000212,GEO000472,False,398820.09
TXN000889,ACC000137,ACC000166,2025-08-03 03:39:40,8850.27,INR,transfer,NEFT,BENE000341,DEV000212,GEO000473,False,71315.72
TXN000890,ACC000137,ACC000123,2025-05-10 19:35:53,30831.16,INR,transfer,RTGS,,DEV000212,GEO000474,False,456793.06
TXN000891,ACC000137,ACC000068,2025-10-08 00:15:49,43938.39,INR,cash_withdrawal,UPI,BENE000342,DEV000212,GEO000474,False,187051.36
TXN000892,ACC000137,ACC000214,2025-11-21 06:50:30,2913.21,INR,cash_deposit,UPI,BENE000342,DEV000212,GEO000474,False,248975.54
TXN000893,ACC000138,ACC000182,2025-08-12 02:56:20,596.04,INR,upi_p2p,mobile_app,BENE000345,DEV000213,GEO000477,False,449339.74
TXN000894,ACC000138,ACC000105,2025-04-17 20:12:05,21044.64,INR,cash_deposit,UPI,BENE000344,DEV000213,GEO000475,False,495947.86
TXN000895,ACC000138,ACC000129,2025-03-05 06:51:02,20362.78,INR,merchant_payment,IMPS,BENE000344,DEV000213,GEO000475,False,260565.15
TXN000896,ACC000139,ACC000042,2025-09-25 12:31:20,15856.69,INR,cash_deposit,ATM,,DEV000214,GEO000478,False,37171.51
TXN000897,ACC000139,ACC000204,2025-10-27 23:33:36,22513.87,INR,cash_deposit,net_banking,,DEV000214,GEO000479,False,321098.73
TXN000898,ACC000139,ACC000193,2025-01-23 21:56:13,5669.72,INR,merchant_payment,IMPS,,DEV000214,GEO000478,False,443068.38
TXN000899,ACC000139,ACC000028,2025-11-14 00:17:45,39484.85,INR,cash_withdrawal,UPI,,DEV000214,GEO000478,False,22766.18
TXN000900,ACC000140,ACC000059,2025-11-14 06:26:13,51759.24,INR,cash_deposit,mobile_app,BENE000350,DEV000215,GEO000480,False,36369.21
TXN000901,ACC000140,ACC000111,2025-08-19 13:12:16,18971.82,INR,transfer,mobile_app,,DEV000216,GEO000481,False,415158.57
TXN000902,ACC000140,ACC000168,2025-02-03 15:23:29,52659.94,INR,merchant_payment,branch,BENE000351,DEV000216,GEO000482,False,71283.77
TXN000903,ACC000140,ACC000146,2025-07-22 16:29:17,28205.85,INR,merchant_payment,ATM,BENE000350,DEV000216,GEO000481,False,140235.24
TXN000904,ACC000140,ACC000121,2025-10-25 11:33:16,7110.91,INR,upi_p2p,net_banking,BENE000350,DEV000215,GEO000481,False,405657.46
TXN000905,ACC000140,ACC000022,2025-03-24 19:19:48,54121.45,INR,upi_p2p,net_banking,BENE000349,DEV000215,GEO000481,False,176545.71
TXN000906,ACC000140,ACC000144,2025-09-15 20:48:54,36724.28,INR,bill_payment,UPI,,DEV000215,GEO000481,False,107454.54
TXN000907,ACC000140,ACC000201,2025-11-04 01:33:31,43756.65,INR,cash_deposit,branch,,DEV000215,GEO000481,False,76540.58
TXN000908,ACC000141,ACC000104,2025-12-01 18:50:03,16525.91,INR,merchant_payment,NEFT,BENE000353,DEV000217,GEO000484,False,494873.49
TXN000909,ACC000141,ACC000065,2025-12-13 00:40:56,18114.63,INR,merchant_payment,ATM,BENE000353,DEV000218,GEO000483,False,191929.91
TXN000910,ACC000141,ACC000205,2025-12-19 12:52:42,37911.19,INR,cash_withdrawal,NEFT,BENE000352,DEV000217,GEO000483,False,223312.52
TXN000911,ACC000142,ACC000071,2025-10-01 16:10:03,1669.6,INR,cash_withdrawal,RTGS,BENE000356,DEV000220,GEO000487,False,80568.43
TXN000912,ACC000142,ACC000145,2025-03-12 23:33:39,21580.6,INR,transfer,mobile_app,BENE000356,DEV000220,GEO000487,False,314843.09
TXN000913,ACC000142,ACC000080,2025-10-11 17:52:14,1007.98,INR,merchant_payment,net_banking,,DEV000219,GEO000485,False,498393.92
TXN000914,ACC000142,ACC000119,2025-10-30 11:57:35,15080.8,INR,cash_deposit,net_banking,BENE000356,DEV000219,GEO000486,False,352375.64
TXN000915,ACC000142,ACC000114,2025-09-22 20:29:16,11607.84,INR,upi_p2p,UPI,BENE000356,DEV000219,GEO000485,False,459769.25
TXN000916,ACC000142,ACC000081,2025-11-14 12:19:45,27173.04,INR,cash_withdrawal,net_banking,,DEV000219,GEO000485,False,333763.84
TXN000917,ACC000142,ACC000047,2025-06-20 00:00:29,26621.8,INR,merchant_payment,IMPS,BENE000356,DEV000219,GEO000485,False,380013.73
TXN000918,ACC000142,ACC000180,2025-12-23 21:26:52,1688.75,INR,cash_withdrawal,net_banking,,DEV000220,GEO000486,False,465320.2
TXN000919,ACC000142,ACC000089,2025-11-06 21:24:39,19395.87,INR,upi_p2p,branch,BENE000356,DEV000220,GEO000489,False,141977.26
TXN000920,ACC000142,ACC000214,2025-07-11 04:41:12,3128.98,INR,cash_deposit,ATM,,DEV000219,GEO000488,False,25709.22
TXN000921,ACC000143,ACC000182,2025-10-16 14:47:10,14154.12,INR,cash_withdrawal,mobile_app,BENE000360,DEV000221,GEO000490,False,144634.97
TXN000922,ACC000143,ACC000174,2025-08-30 13:50:22,5315.09,INR,cash_withdrawal,mobile_app,BENE000359,DEV000221,GEO000490,False,63902.2
TXN000923,ACC000143,ACC000009,2025-12-08 02:13:37,5274.43,INR,transfer,branch,,DEV000221,GEO000490,False,313803.64
TXN000924,ACC000143,ACC000025,2025-03-27 23:25:26,23630.51,INR,cash_withdrawal,UPI,,DEV000221,GEO000492,False,122571.86
TXN000925,ACC000143,ACC000096,2025-09-24 10:12:48,13614.66,INR,bill_payment,mobile_app,BENE000357,DEV000221,GEO000493,False,204370.98
TXN000926,ACC000143,ACC000125,2025-08-10 03:08:28,22449.73,INR,transfer,mobile_app,,DEV000221,GEO000493,False,454507.78
TXN000927,ACC000143,ACC000141,2025-01-23 19:57:38,1943.13,INR,cash_deposit,RTGS,BENE000358,DEV000221,GEO000492,False,498061.84
TXN000928,ACC000143,ACC000129,2025-04-14 17:08:28,16626.15,INR,bill_payment,ATM,BENE000359,DEV000221,GEO000492,False,431082.12
TXN000929,ACC000144,ACC000001,2025-06-02 11:34:53,24056.99,INR,cash_deposit,UPI,BENE000362,DEV000223,GEO000495,False,316808.67
TXN000930,ACC000144,ACC000213,2025-01-05 07:01:57,3742.68,INR,bill_payment,NEFT,BENE000364,DEV000223,GEO000495,False,92638.8
TXN000931,ACC000144,ACC000028,2025-06-28 09:43:04,26315.56,INR,bill_payment,mobile_app,,DEV000222,GEO000496,False,351525.77
TXN000932,ACC000145,ACC000057,2025-11-03 12:35:35,3473.91,INR,cash_withdrawal,net_banking,,DEV000224,GEO000497,False,16942.2
TXN000933,ACC000145,ACC000011,2025-09-07 18:36:07,13439.72,INR,cash_deposit,mobile_app,BENE000366,DEV000225,GEO000497,False,255707.94
TXN000934,ACC000145,ACC000063,2025-01-06 09:58:19,2440.57,INR,transfer,net_banking,BENE000365,DEV000225,GEO000498,False,308516.88
TXN000935,ACC000145,ACC000002,2025-04-20 08:36:28,13459.75,INR,cash_withdrawal,RTGS,BENE000365,DEV000225,GEO000498,False,44775.69
TXN000936,ACC000145,ACC000152,2025-10-14 04:50:26,8980.77,INR,cash_deposit,branch,BENE000365,DEV000224,GEO000498,False,210121.05
TXN000937,ACC000146,ACC000205,2025-01-04 06:57:32,53107.71,INR,bill_payment,RTGS,,DEV000226,GEO000501,False,39791.1
TXN000938,ACC000146,ACC000119,2025-06-29 22:53:46,53417.7,INR,upi_p2p,UPI,BENE000369,DEV000226,GEO000502,False,421085.01
TXN000939,ACC000146,ACC000058,2025-10-05 04:06:45,45165.67,INR,transfer,UPI,,DEV000226,GEO000502,False,84956.0
TXN000940,ACC000146,ACC000166,2025-11-05 20:22:34,36558.07,INR,upi_p2p,UPI,,DEV000226,GEO000501,False,262692.03
TXN000941,ACC000146,ACC000032,2025-07-22 19:45:35,34456.47,INR,cash_deposit,mobile_app,BENE000367,DEV000226,GEO000499,False,252063.31
TXN000942,ACC000147,ACC000138,2025-05-25 05:57:48,11116.64,INR,merchant_payment,net_banking,,DEV000227,GEO000506,False,235752.14
TXN000943,ACC000147,ACC000181,2025-09-26 06:05:16,3294.37,INR,merchant_payment,mobile_app,,DEV000227,GEO000505,False,239896.36
TXN000944,ACC000147,ACC000196,2025-11-10 21:51:47,23174.26,INR,bill_payment,net_banking,,DEV000227,GEO000504,False,291360.35
TXN000945,ACC000147,ACC000045,2025-11-09 03:04:52,16922.87,INR,cash_withdrawal,branch,,DEV000227,GEO000503,False,69912.95
TXN000946,ACC000147,ACC000185,2025-10-20 19:43:18,15862.06,INR,transfer,mobile_app,,DEV000227,GEO000504,False,268790.63
TXN000947,ACC000147,ACC000161,2025-12-26 20:44:09,27750.89,INR,bill_payment,UPI,BENE000372,DEV000227,GEO000503,False,140093.56
TXN000948,ACC000148,ACC000168,2025-03-24 02:36:02,16131.81,INR,upi_p2p,net_banking,,DEV000228,GEO000508,False,478322.69
TXN000949,ACC000148,ACC000155,2025-10-03 22:42:52,4477.07,INR,transfer,UPI,BENE000374,DEV000228,GEO000507,False,489359.09
TXN000950,ACC000148,ACC000071,2025-12-30 22:26:53,15766.86,INR,bill_payment,ATM,,DEV000228,GEO000507,False,249515.48
TXN000951,ACC000148,ACC000218,2025-12-28 07:39:17,2971.55,INR,transfer,ATM,BENE000374,DEV000228,GEO000507,False,252165.72
TXN000952,ACC000148,ACC000107,2025-05-11 06:45:42,19513.52,INR,cash_deposit,branch,BENE000374,DEV000228,GEO000507,False,172872.74
TXN000953,ACC000148,ACC000204,2025-08-20 00:35:51,5229.4,INR,cash_deposit,RTGS,BENE000376,DEV000228,GEO000508,False,48880.95
TXN000954,ACC000149,ACC000034,2025-10-26 05:23:40,594.61,INR,transfer,UPI,,DEV000229,GEO000510,False,406664.38
TXN000955,ACC000149,ACC000191,2025-01-29 17:59:11,2809.06,INR,cash_deposit,mobile_app,BENE000377,DEV000229,GEO000509,False,132571.65
TXN000956,ACC000149,ACC000216,2025-10-16 02:46:02,3206.44,INR,cash_withdrawal,net_banking,BENE000377,DEV000230,GEO000510,False,400927.76
TXN000957,ACC000149,ACC000052,2025-02-16 00:38:38,2531.99,INR,transfer,mobile_app,,DEV000230,GEO000510,False,184918.63
TXN000958,ACC000149,ACC000216,2025-06-12 05:05:50,4874.18,INR,cash_deposit,RTGS,BENE000380,DEV000229,GEO000510,False,465000.92
TXN000959,ACC000149,ACC000022,2025-08-10 11:50:30,3044.97,INR,cash_deposit,IMPS,BENE000379,DEV000230,GEO000509,False,389622.66
TXN000960,ACC000150,ACC000077,2025-09-12 18:36:56,2363.43,INR,cash_deposit,NEFT,BENE000382,DEV000231,GEO000513,False,358922.59
TXN000961,ACC000150,ACC000146,2025-06-11 21:09:29,20758.64,INR,cash_withdrawal,NEFT,BENE000382,DEV000231,GEO000512,False,193284.83
TXN000962,ACC000150,ACC000112,2025-12-09 13:26:03,50074.59,INR,transfer,branch,BENE000384,DEV000231,GEO000512,False,333066.83
TXN000963,ACC000150,ACC000213,2025-10-14 22:31:30,20742.66,INR,upi_p2p,IMPS,BENE000381,DEV000232,GEO000513,False,267366.67
TXN000964,ACC000150,ACC000127,2025-08-19 17:35:10,57032.19,INR,merchant_payment,net_banking,,DEV000232,GEO000511,False,362453.09
TXN000965,ACC000150,ACC000211,2025-10-04 05:00:41,5261.2,INR,merchant_payment,NEFT,BENE000383,DEV000232,GEO000511,False,402693.97
TXN000966,ACC000150,ACC000035,2025-10-07 16:25:41,57948.49,INR,cash_withdrawal,RTGS,,DEV000231,GEO000512,False,182970.58
TXN000967,ACC000151,ACC000058,2025-04-06 08:26:10,15792.37,INR,bill_payment,mobile_app,BENE000387,DEV000233,GEO000514,False,424321.4
TXN000968,ACC000151,ACC000136,2025-07-13 23:45:15,24458.93,INR,cash_withdrawal,branch,,DEV000234,GEO000515,False,195811.75
TXN000969,ACC000151,ACC000177,2025-08-07 22:12:32,40573.34,INR,cash_deposit,IMPS,,DEV000234,GEO000515,False,447562.33
TXN000970,ACC000151,ACC000205,2025-04-15 04:16:55,43360.39,INR,upi_p2p,IMPS,,DEV000233,GEO000515,False,218856.48
TXN000971,ACC000151,ACC000145,2025-07-03 09:06:44,59469.47,INR,cash_withdrawal,NEFT,,DEV000234,GEO000515,False,32727.49
TXN000972,ACC000151,ACC000054,2025-12-18 20:01:02,16965.36,INR,transfer,UPI,BENE000385,DEV000234,GEO000515,False,286770.58
TXN000973,ACC000152,ACC000131,2025-02-03 23:54:59,42373.17,INR,bill_payment,NEFT,,DEV000235,GEO000517,False,186236.64
TXN000974,ACC000152,ACC000098,2025-06-04 05:00:22,15836.35,INR,cash_deposit,UPI,BENE000390,DEV000235,GEO000516,False,69217.72
TXN000975,ACC000152,ACC000095,2025-10-29 17:24:57,37333.63,INR,transfer,branch,BENE000390,DEV000235,GEO000517,False,27266.93
TXN000976,ACC000152,ACC000171,2025-04-13 19:51:11,33879.13,INR,merchant_payment,ATM,,DEV000235,GEO000516,False,408472.43
TXN000977,ACC000152,ACC000078,2025-10-29 15:50:57,16594.54,INR,cash_withdrawal,ATM,,DEV000235,GEO000517,False,110785.35
TXN000978,ACC000152,ACC000198,2025-06-27 19:54:59,11898.29,INR,upi_p2p,mobile_app,,DEV000235,GEO000518,False,365704.45
TXN000979,ACC000152,ACC000127,2025-07-26 03:41:47,42745.11,INR,bill_payment,UPI,BENE000391,DEV000235,GEO000516,False,223870.43
TXN000980,ACC000153,ACC000082,2025-03-02 17:55:31,12705.09,INR,upi_p2p,branch,,DEV000236,GEO000520,False,253237.49
TXN000981,ACC000153,ACC000118,2025-04-11 21:09:12,16170.15,INR,upi_p2p,RTGS,BENE000394,DEV000236,GEO000519,False,482471.84
TXN000982,ACC000153,ACC000166,2025-12-29 15:15:47,48988.9,INR,transfer,NEFT,,DEV000236,GEO000521,False,112059.63
TXN000983,ACC000153,ACC000114,2025-06-29 17:36:00,27287.39,INR,merchant_payment,NEFT,BENE000392,DEV000236,GEO000521,False,98294.62
TXN000984,ACC000153,ACC000001,2025-02-13 07:01:24,16863.71,INR,transfer,mobile_app,,DEV000236,GEO000519,False,466282.08
TXN000985,ACC000153,ACC000017,2025-01-10 13:09:49,55668.78,INR,cash_withdrawal,IMPS,BENE000392,DEV000236,GEO000519,False,242438.62
TXN000986,ACC000153,ACC000175,2025-03-11 04:46:15,43823.4,INR,transfer,branch,BENE000392,DEV000236,GEO000520,False,60837.63
TXN000987,ACC000154,ACC000155,2025-04-27 22:40:42,13757.21,INR,merchant_payment,net_banking,,DEV000237,GEO000523,False,314145.72
TXN000988,ACC000154,ACC000023,2025-07-11 23:55:43,59608.59,INR,transfer,ATM,BENE000395,DEV000237,GEO000522,False,176181.15
TXN000989,ACC000154,ACC000040,2025-07-21 05:01:06,46578.81,INR,bill_payment,mobile_app,,DEV000237,GEO000524,False,428116.65
TXN000990,ACC000155,ACC000089,2025-02-19 15:22:24,43204.36,INR,merchant_payment,IMPS,BENE000396,DEV000238,GEO000526,False,320328.38
TXN000991,ACC000155,ACC000198,2025-11-13 09:22:57,26673.1,INR,upi_p2p,ATM,BENE000397,DEV000238,GEO000525,False,345903.76
TXN000992,ACC000155,ACC000213,2025-12-14 08:25:49,46946.4,INR,bill_payment,IMPS,BENE000397,DEV000238,GEO000526,False,44466.7
TXN000993,ACC000155,ACC000090,2025-01-14 11:58:19,28278.64,INR,transfer,mobile_app,,DEV000239,GEO000525,False,195155.89
TXN000994,ACC000155,ACC000128,2025-11-02 23:52:26,57584.61,INR,merchant_payment,UPI,BENE000396,DEV000238,GEO000528,False,246204.71
TXN000995,ACC000155,ACC000040,2025-06-03 22:57:20,6166.65,INR,upi_p2p,ATM,,DEV000238,GEO000525,False,247004.57
TXN000996,ACC000156,ACC000182,2025-10-23 22:46:20,3098.54,INR,cash_withdrawal,NEFT,BENE000400,DEV000240,GEO000531,False,66381.04
TXN000997,ACC000156,ACC000054,2025-03-26 03:42:21,11059.95,INR,bill_payment,UPI,,DEV000240,GEO000530,False,377436.28
TXN000998,ACC000156,ACC000075,2025-04-09 13:10:48,11225.66,INR,cash_withdrawal,UPI,,DEV000240,GEO000531,False,177515.74
TXN000999,ACC000156,ACC000015,2025-05-27 10:08:44,2223.93,INR,merchant_payment,IMPS,,DEV000240,GEO000532,False,450208.87
TXN001000,ACC000156,ACC000063,2025-11-20 13:12:18,10119.38,INR,upi_p2p,RTGS,,DEV000240,GEO000530,False,58255.44
TXN001001,ACC000156,ACC000015,2025-04-16 11:05:08,4587.76,INR,cash_deposit,branch,BENE000400,DEV000240,GEO000531,False,115328.47
TXN001002,ACC000156,ACC000144,2025-04-29 09:47:06,8738.12,INR,upi_p2p,IMPS,,DEV000240,GEO000530,False,36796.81
TXN001003,ACC000156,ACC000199,2025-05-30 15:52:43,2129.66,INR,upi_p2p,mobile_app,BENE000400,DEV000240,GEO000533,False,328768.64
TXN001004,ACC000156,ACC000099,2025-01-25 13:36:11,3670.12,INR,cash_withdrawal,RTGS,BENE000399,DEV000240,GEO000532,False,399841.8
TXN001005,ACC000157,ACC000095,2025-02-03 14:01:58,25801.52,INR,upi_p2p,branch,,DEV000241,GEO000534,False,459237.69
TXN001006,ACC000157,ACC000088,2025-05-09 03:20:28,25810.26,INR,transfer,net_banking,,DEV000242,GEO000534,False,225978.78
TXN001007,ACC000157,ACC000128,2025-05-19 22:29:48,48330.24,INR,transfer,RTGS,BENE000401,DEV000241,GEO000534,False,217863.8
TXN001008,ACC000157,ACC000041,2025-09-16 21:45:16,1091.55,INR,merchant_payment,RTGS,,DEV000241,GEO000534,False,45812.89
TXN001009,ACC000158,ACC000019,2025-03-20 08:46:32,34380.1,INR,upi_p2p,NEFT,,DEV000243,GEO000539,False,323985.87
TXN001010,ACC000158,ACC000104,2025-01-15 02:40:23,34070.4,INR,merchant_payment,RTGS,BENE000405,DEV000243,GEO000536,False,446704.99
TXN001011,ACC000158,ACC000060,2025-02-01 00:44:57,47913.81,INR,bill_payment,UPI,,DEV000243,GEO000539,False,15130.87
TXN001012,ACC000158,ACC000087,2025-09-28 02:05:26,34691.18,INR,merchant_payment,RTGS,BENE000403,DEV000243,GEO000538,False,470411.6
TXN001013,ACC000158,ACC000176,2025-08-11 00:18:41,54026.53,INR,upi_p2p,branch,,DEV000243,GEO000536,False,315352.67
TXN001014,ACC000158,ACC000098,2025-05-08 16:47:03,18664.25,INR,transfer,IMPS,BENE000402,DEV000243,GEO000537,False,80111.23
TXN001015,ACC000158,ACC000151,2025-01-27 21:29:07,21247.98,INR,transfer,IMPS,BENE000404,DEV000243,GEO000539,False,281957.14
TXN001016,ACC000159,ACC000205,2025-12-24 22:30:05,17188.73,INR,transfer,mobile_app,BENE000409,DEV000244,GEO000541,False,198425.97
TXN001017,ACC000159,ACC000080,2025-07-31 13:29:22,39989.8,INR,cash_deposit,RTGS,,DEV000244,GEO000542,False,296949.84
TXN001018,ACC000159,ACC000080,2025-12-10 15:03:34,56471.59,INR,cash_deposit,ATM,BENE000406,DEV000244,GEO000542,False,129208.85
TXN001019,ACC000159,ACC000085,2025-01-13 19:49:37,1578.6,INR,bill_payment,IMPS,BENE000406,DEV000244,GEO000541,False,294842.79
TXN001020,ACC000159,ACC000099,2025-04-16 18:56:54,33989.77,INR,merchant_payment,UPI,BENE000408,DEV000244,GEO000542,False,69539.24
TXN001021,ACC000159,ACC000179,2025-05-28 15:19:09,13519.86,INR,bill_payment,mobile_app,,DEV000244,GEO000542,False,90443.88
TXN001022,ACC000159,ACC000090,2025-02-12 18:24:39,9858.42,INR,bill_payment,RTGS,BENE000407,DEV000244,GEO000541,False,493736.62
TXN001023,ACC000159,ACC000219,2025-05-02 22:49:06,36922.07,INR,merchant_payment,IMPS,,DEV000244,GEO000542,False,207559.81
TXN001024,ACC000159,ACC000112,2025-04-07 07:39:18,18052.52,INR,cash_withdrawal,branch,BENE000408,DEV000244,GEO000541,False,392996.73
TXN001025,ACC000159,ACC000203,2025-12-15 05:44:11,18460.08,INR,transfer,NEFT,,DEV000244,GEO000541,False,472430.24
TXN001026,ACC000160,ACC000071,2025-08-13 14:19:36,27163.25,INR,bill_payment,branch,BENE000410,DEV000246,GEO000545,False,73905.97
TXN001027,ACC000160,ACC000013,2025-08-19 10:09:08,19825.64,INR,cash_deposit,UPI,,DEV000247,GEO000546,False,110044.61
TXN001028,ACC000160,ACC000148,2025-09-17 19:36:18,49090.83,INR,upi_p2p,branch,BENE000410,DEV000245,GEO000544,False,498855.47
TXN001029,ACC000160,ACC000195,2025-08-10 18:10:13,26843.47,INR,transfer,UPI,,DEV000245,GEO000546,False,239986.16
TXN001030,ACC000160,ACC000078,2025-12-16 05:30:12,51127.22,INR,cash_withdrawal,ATM,BENE000410,DEV000246,GEO000546,False,400376.1
TXN001031,ACC000160,ACC000034,2025-11-30 15:47:52,46709.21,INR,transfer,ATM,BENE000410,DEV000245,GEO000543,False,424280.03
TXN001032,ACC000160,ACC000098,2025-12-27 17:58:45,4032.48,INR,upi_p2p,ATM,,DEV000247,GEO000543,False,71576.14
TXN001033,ACC000161,ACC000028,2025-02-22 22:58:16,46771.35,INR,bill_payment,RTGS,,DEV000249,GEO000549,False,264853.74
TXN001034,ACC000161,ACC000153,2025-06-02 02:02:07,11580.81,INR,merchant_payment,IMPS,,DEV000249,GEO000548,False,215691.81
TXN001035,ACC000161,ACC000207,2025-01-31 15:13:37,55377.33,INR,merchant_payment,ATM,,DEV000248,GEO000549,False,276722.69
TXN001036,ACC000161,ACC000049,2025-04-11 17:32:57,41806.62,INR,cash_deposit,NEFT,BENE000413,DEV000248,GEO000548,False,24980.91
TXN001037,ACC000161,ACC000053,2025-04-26 04:43:49,53436.88,INR,bill_payment,NEFT,BENE000412,DEV000248,GEO000548,False,98256.5
TXN001038,ACC000161,ACC000118,2025-04-24 16:40:30,11150.07,INR,cash_deposit,ATM,BENE000414,DEV000248,GEO000548,False,357388.6
TXN001039,ACC000161,ACC000107,2025-07-15 21:40:19,44538.8,INR,upi_p2p,NEFT,,DEV000248,GEO000548,False,450901.65
TXN001040,ACC000161,ACC000167,2025-05-02 20:45:31,42703.19,INR,bill_payment,branch,BENE000411,DEV000249,GEO000548,False,323669.94
TXN001041,ACC000162,ACC000113,2025-12-12 08:35:01,4427.99,INR,cash_deposit,branch,BENE000416,DEV000250,GEO000550,False,30164.23
TXN001042,ACC000162,ACC000059,2025-07-28 09:06:56,11935.05,INR,cash_withdrawal,mobile_app,,DEV000250,GEO000551,False,305141.47
TXN001043,ACC000162,ACC000072,2025-06-13 22:29:01,5976.98,INR,bill_payment,RTGS,BENE000415,DEV000251,GEO000551,False,260636.67
TXN001044,ACC000162,ACC000040,2025-08-31 04:27:08,11924.24,INR,transfer,UPI,BENE000417,DEV000250,GEO000551,False,495761.75
TXN001045,ACC000162,ACC000056,2025-03-21 09:15:00,13174.8,INR,bill_payment,mobile_app,BENE000416,DEV000250,GEO000551,False,221045.63
TXN001046,ACC000162,ACC000188,2025-09-26 20:18:44,2015.91,INR,cash_deposit,RTGS,BENE000416,DEV000251,GEO000550,False,71855.23
TXN001047,ACC000162,ACC000123,2025-08-25 18:33:34,9215.71,INR,cash_withdrawal,ATM,BENE000416,DEV000250,GEO000551,False,106094.08
TXN001048,ACC000162,ACC000021,2025-12-17 21:20:15,2757.69,INR,bill_payment,branch,BENE000415,DEV000251,GEO000551,False,136155.76
TXN001049,ACC000162,ACC000203,2025-02-21 04:33:29,889.77,INR,merchant_payment,branch,,DEV000251,GEO000550,False,399977.9
TXN001050,ACC000162,ACC000208,2025-10-15 22:20:18,11982.71,INR,transfer,net_banking,,DEV000251,GEO000551,False,331296.78
TXN001051,ACC000163,ACC000075,2025-01-21 05:47:09,52888.59,INR,transfer,RTGS,,DEV000252,GEO000556,False,273685.8
TXN001052,ACC000163,ACC000187,2025-10-29 10:35:44,57514.8,INR,cash_deposit,RTGS,BENE000418,DEV000252,GEO000556,False,462903.99
TXN001053,ACC000163,ACC000013,2025-05-31 00:44:19,21713.69,INR,merchant_payment,ATM,,DEV000252,GEO000555,False,235111.31
TXN001054,ACC000163,ACC000038,2025-05-12 20:10:04,30446.2,INR,transfer,UPI,,DEV000252,GEO000556,False,401529.56
TXN001055,ACC000163,ACC000150,2025-10-31 16:13:09,41347.94,INR,cash_deposit,NEFT,,DEV000252,GEO000556,False,362628.84
TXN001056,ACC000164,ACC000064,2025-07-08 12:53:15,14175.18,INR,bill_payment,RTGS,BENE000420,DEV000253,GEO000559,False,43890.39
TXN001057,ACC000164,ACC000013,2025-02-16 07:15:54,29985.37,INR,merchant_payment,mobile_app,,DEV000253,GEO000560,False,276846.66
TXN001058,ACC000164,ACC000207,2025-12-23 14:22:02,41869.5,INR,transfer,net_banking,,DEV000253,GEO000559,False,242880.9
TXN001059,ACC000164,ACC000178,2025-01-15 00:02:40,44965.79,INR,bill_payment,UPI,,DEV000253,GEO000559,False,310093.75
TXN001060,ACC000164,ACC000065,2025-09-27 16:41:45,20113.9,INR,merchant_payment,IMPS,BENE000420,DEV000253,GEO000560,False,71910.38
TXN001061,ACC000165,ACC000100,2025-10-18 15:57:01,11979.88,INR,bill_payment,RTGS,BENE000422,DEV000254,GEO000561,False,75677.11
TXN001062,ACC000165,ACC000029,2025-05-26 21:35:45,8352.36,INR,upi_p2p,IMPS,,DEV000255,GEO000562,False,96986.46
TXN001063,ACC000165,ACC000050,2025-10-15 09:39:11,34260.39,INR,upi_p2p,ATM,BENE000422,DEV000254,GEO000562,False,438727.34
TXN001064,ACC000165,ACC000214,2025-01-08 04:38:04,14303.49,INR,merchant_payment,RTGS,BENE000421,DEV000255,GEO000561,False,402415.3
TXN001065,ACC000165,ACC000003,2025-12-01 01:28:18,17518.1,INR,upi_p2p,NEFT,,DEV000255,GEO000561,False,437603.03
TXN001066,ACC000165,ACC000049,2025-11-03 00:54:19,31757.97,INR,cash_deposit,branch,BENE000423,DEV000254,GEO000562,False,105392.33
TXN001067,ACC000165,ACC000154,2025-10-15 19:22:28,14849.57,INR,bill_payment,branch,,DEV000254,GEO000562,False,237608.48
TXN001068,ACC000165,ACC000204,2025-03-08 05:08:28,7605.86,INR,cash_withdrawal,UPI,BENE000422,DEV000254,GEO000562,False,175295.55
TXN001069,ACC000165,ACC000022,2025-02-25 01:17:52,37665.8,INR,bill_payment,mobile_app,BENE000422,DEV000255,GEO000561,False,59395.78
TXN001070,ACC000165,ACC000083,2025-12-25 20:52:06,40218.88,INR,cash_deposit,ATM,,DEV000254,GEO000561,False,158586.51
TXN001071,ACC000166,ACC000060,2025-06-19 06:48:16,14416.55,INR,upi_p2p,UPI,,DEV000257,GEO000563,False,361637.21
TXN001072,ACC000166,ACC000171,2025-10-24 16:29:19,55699.04,INR,transfer,NEFT,BENE000424,DEV000257,GEO000563,False,312127.69
TXN001073,ACC000166,ACC000007,2025-09-09 00:01:08,39110.68,INR,cash_withdrawal,net_banking,,DEV000256,GEO000563,False,112294.61
TXN001074,ACC000166,ACC000138,2025-10-23 06:21:08,49728.71,INR,transfer,branch,,DEV000256,GEO000565,False,33051.94
TXN001075,ACC000166,ACC000165,2025-02-02 12:12:53,10484.69,INR,bill_payment,net_banking,BENE000424,DEV000256,GEO000563,False,256169.54
TXN001076,ACC000166,ACC000029,2025-10-04 05:07:58,21870.63,INR,bill_payment,NEFT,BENE000424,DEV000257,GEO000565,False,149679.17
TXN001077,ACC000166,ACC000003,2025-02-10 09:10:29,44623.18,INR,transfer,IMPS,,DEV000257,GEO000565,False,195342.24
TXN001078,ACC000166,ACC000079,2025-10-19 07:13:14,7970.53,INR,upi_p2p,mobile_app,BENE000424,DEV000256,GEO000564,False,221679.84
TXN001079,ACC000166,ACC000135,2025-07-06 14:02:23,14427.5,INR,cash_withdrawal,IMPS,BENE000424,DEV000257,GEO000565,False,374718.23
TXN001080,ACC000167,ACC000153,2025-06-19 01:42:14,43508.38,INR,bill_payment,branch,,DEV000258,GEO000566,False,357714.65
TXN001081,ACC000167,ACC000112,2025-11-11 01:17:18,8860.87,INR,transfer,ATM,BENE000425,DEV000258,GEO000566,False,23690.59
TXN001082,ACC000167,ACC000042,2025-08-26 13:46:34,15325.55,INR,bill_payment,net_banking,,DEV000258,GEO000569,False,458601.25
TXN001083,ACC000167,ACC000146,2025-10-28 00:05:15,51739.96,INR,transfer,net_banking,BENE000426,DEV000258,GEO000570,False,294475.63
TXN001084,ACC000168,ACC000148,2025-09-26 05:22:05,16701.01,INR,upi_p2p,UPI,,DEV000259,GEO000571,False,10931.29
TXN001085,ACC000168,ACC000057,2025-12-06 21:18:01,13730.12,INR,cash_deposit,mobile_app,BENE000429,DEV000259,GEO000571,False,468186.85
TXN001086,ACC000168,ACC000192,2025-03-04 15:21:56,17089.24,INR,bill_payment,NEFT,BENE000428,DEV000259,GEO000571,False,163992.09
TXN001087,ACC000168,ACC000046,2025-04-15 22:00:23,7850.68,INR,merchant_payment,ATM,,DEV000259,GEO000573,False,81757.57
TXN001088,ACC000168,ACC000107,2025-11-24 04:12:54,25579.42,INR,bill_payment,mobile_app,BENE000429,DEV000259,GEO000574,False,82843.04
TXN001089,ACC000168,ACC000118,2025-10-21 17:06:04,13860.31,INR,bill_payment,ATM,,DEV000259,GEO000575,False,104197.75
TXN001090,ACC000168,ACC000129,2025-08-25 16:08:53,28167.74,INR,upi_p2p,ATM,BENE000428,DEV000259,GEO000574,False,253323.43
TXN001091,ACC000169,ACC000162,2025-07-30 14:53:29,54800.45,INR,cash_deposit,UPI,BENE000433,DEV000261,GEO000579,False,276522.84
TXN001092,ACC000169,ACC000199,2025-02-12 04:47:10,249.06,INR,transfer,ATM,BENE000431,DEV000261,GEO000577,False,358731.23
TXN001093,ACC000169,ACC000040,2025-02-08 12:08:20,40447.01,INR,merchant_payment,ATM,BENE000430,DEV000261,GEO000577,False,264649.13
TXN001094,ACC000169,ACC000084,2025-10-03 01:20:28,56286.16,INR,upi_p2p,mobile_app,BENE000430,DEV000261,GEO000579,False,325670.67
TXN001095,ACC000170,ACC000194,2025-09-02 08:05:59,43456.43,INR,merchant_payment,UPI,,DEV000262,GEO000580,False,406796.11
TXN001096,ACC000170,ACC000064,2025-10-27 03:56:42,4688.61,INR,bill_payment,RTGS,BENE000434,DEV000263,GEO000581,False,176819.3
TXN001097,ACC000170,ACC000152,2025-06-12 17:21:21,34857.41,INR,merchant_payment,ATM,,DEV000263,GEO000581,False,89919.34
TXN001098,ACC000170,ACC000173,2025-01-07 11:03:41,59442.41,INR,upi_p2p,UPI,BENE000435,DEV000263,GEO000581,False,267399.42
TXN001099,ACC000170,ACC000196,2025-03-08 08:06:37,36775.81,INR,cash_withdrawal,net_banking,BENE000435,DEV000262,GEO000581,False,308754.59
TXN001100,ACC000170,ACC000152,2025-08-08 14:52:58,53488.33,INR,bill_payment,IMPS,,DEV000263,GEO000580,False,335910.07
TXN001101,ACC000170,ACC000161,2025-09-05 04:15:18,740.14,INR,cash_deposit,branch,BENE000435,DEV000262,GEO000580,False,72216.97
TXN001102,ACC000170,ACC000159,2025-06-10 00:10:18,25498.47,INR,cash_withdrawal,net_banking,BENE000434,DEV000263,GEO000581,False,277069.65
TXN001103,ACC000170,ACC000153,2025-06-27 14:11:55,18558.21,INR,upi_p2p,RTGS,,DEV000263,GEO000581,False,425453.5
TXN001104,ACC000171,ACC000104,2025-04-18 02:38:19,4701.02,INR,merchant_payment,ATM,BENE000436,DEV000264,GEO000582,False,145198.65
TXN001105,ACC000171,ACC000118,2025-07-21 13:18:52,56634.69,INR,cash_withdrawal,ATM,,DEV000264,GEO000582,False,147190.68
TXN001106,ACC000171,ACC000150,2025-07-27 06:29:01,1871.67,INR,cash_withdrawal,IMPS,,DEV000264,GEO000583,False,257870.06
TXN001107,ACC000171,ACC000101,2025-12-07 03:24:16,792.78,INR,bill_payment,net_banking,BENE000437,DEV000264,GEO000583,False,20503.18
TXN001108,ACC000171,ACC000103,2025-04-23 13:51:31,33262.04,INR,transfer,mobile_app,,DEV000264,GEO000584,False,127078.67
TXN001109,ACC000171,ACC000134,2025-02-10 12:50:32,46256.31,INR,transfer,ATM,BENE000438,DEV000264,GEO000584,False,407586.95
TXN001110,ACC000171,ACC000142,2025-04-03 00:38:18,37207.49,INR,upi_p2p,RTGS,,DEV000264,GEO000582,False,208581.03
TXN001111,ACC000172,ACC000004,2025-02-28 00:17:51,55326.0,INR,cash_deposit,IMPS,BENE000439,DEV000265,GEO000586,False,340148.87
TXN001112,ACC000172,ACC000185,2025-06-01 14:34:49,45456.92,INR,cash_deposit,net_banking,BENE000440,DEV000266,GEO000588,False,194313.88
TXN001113,ACC000172,ACC000025,2025-08-05 16:32:48,15750.36,INR,merchant_payment,ATM,,DEV000266,GEO000588,False,448704.13
TXN001114,ACC000172,ACC000076,2025-06-17 18:28:06,26934.93,INR,transfer,RTGS,BENE000440,DEV000265,GEO000588,False,81835.75
TXN001115,ACC000172,ACC000165,2025-11-09 02:31:20,2280.03,INR,transfer,ATM,,DEV000266,GEO000587,False,62314.75
TXN001116,ACC000172,ACC000060,2025-04-16 09:28:33,54937.61,INR,cash_withdrawal,branch,,DEV000265,GEO000588,False,22589.66
TXN001117,ACC000173,ACC000071,2025-09-16 08:43:14,8523.0,INR,cash_deposit,NEFT,BENE000441,DEV000268,GEO000590,False,189537.07
TXN001118,ACC000173,ACC000202,2025-10-30 04:35:33,3259.04,INR,cash_withdrawal,IMPS,BENE000441,DEV000268,GEO000592,False,384291.08
TXN001119,ACC000173,ACC000048,2025-11-29 02:11:16,4587.88,INR,merchant_payment,mobile_app,BENE000441,DEV000268,GEO000590,False,220348.84
TXN001120,ACC000173,ACC000008,2025-04-11 10:30:40,12308.02,INR,cash_deposit,NEFT,,DEV000268,GEO000591,False,163514.47
TXN001121,ACC000173,ACC000153,2025-03-28 12:59:40,14780.53,INR,cash_withdrawal,UPI,,DEV000267,GEO000590,False,156957.37
TXN001122,ACC000173,ACC000126,2025-11-19 12:13:51,2186.09,INR,bill_payment,branch,BENE000441,DEV000268,GEO000591,False,351056.87
TXN001123,ACC000173,ACC000153,2025-01-22 21:16:53,280.68,INR,bill_payment,NEFT,,DEV000267,GEO000590,False,465328.62
TXN001124,ACC000173,ACC000018,2025-12-27 21:39:49,17604.23,INR,cash_deposit,ATM,BENE000441,DEV000267,GEO000592,False,386428.05
TXN001125,ACC000173,ACC000138,2025-09-07 12:53:19,13440.76,INR,bill_payment,IMPS,,DEV000268,GEO000591,False,86313.63
TXN001126,ACC000173,ACC000150,2025-09-17 15:44:31,7608.77,INR,upi_p2p,IMPS,BENE000441,DEV000267,GEO000591,False,488771.68
TXN001127,ACC000174,ACC000126,2025-05-24 00:16:37,36973.88,INR,cash_deposit,net_banking,,DEV000269,GEO000594,False,265017.41
TXN001128,ACC000174,ACC000164,2025-01-19 07:35:48,21923.71,INR,merchant_payment,net_banking,BENE000442,DEV000269,GEO000594,False,236336.35
TXN001129,ACC000174,ACC000196,2025-05-23 04:29:58,38389.99,INR,cash_withdrawal,UPI,,DEV000269,GEO000594,False,366168.27
TXN001130,ACC000174,ACC000219,2025-10-12 09:03:08,17888.64,INR,cash_deposit,net_banking,BENE000442,DEV000269,GEO000595,False,100519.96
TXN001131,ACC000174,ACC000075,2025-11-26 02:23:26,54097.86,INR,bill_payment,mobile_app,BENE000442,DEV000269,GEO000593,False,111900.52
TXN001132,ACC000174,ACC000032,2025-07-25 18:34:14,13222.84,INR,transfer,net_banking,,DEV000269,GEO000593,False,261061.65
TXN001133,ACC000174,ACC000154,2025-03-12 18:24:42,25742.02,INR,transfer,RTGS,BENE000442,DEV000269,GEO000595,False,240479.59
TXN001134,ACC000174,ACC000122,2025-03-18 05:38:30,776.63,INR,merchant_payment,NEFT,,DEV000269,GEO000594,False,157417.01
TXN001135,ACC000175,ACC000114,2025-09-26 13:20:08,18482.63,INR,cash_withdrawal,ATM,BENE000445,DEV000270,GEO000597,False,25951.27
TXN001136,ACC000175,ACC000132,2025-08-08 05:45:17,51835.92,INR,cash_withdrawal,NEFT,BENE000444,DEV000270,GEO000597,False,248785.45
TXN001137,ACC000175,ACC000189,2025-07-06 02:22:55,26673.05,INR,cash_deposit,UPI,,DEV000270,GEO000596,False,113017.46
TXN001138,ACC000175,ACC000209,2025-06-03 19:29:19,8365.79,INR,merchant_payment,branch,BENE000444,DEV000270,GEO000599,False,27276.49
TXN001139,ACC000176,ACC000177,2025-01-15 08:13:25,2341.93,INR,merchant_payment,IMPS,,DEV000272,GEO000601,False,266114.57
TXN001140,ACC000176,ACC000060,2025-11-20 08:57:23,17980.84,INR,upi_p2p,IMPS,,DEV000271,GEO000600,False,270610.99
TXN001141,ACC000176,ACC000105,2025-09-15 16:55:52,10169.45,INR,cash_withdrawal,UPI,BENE000447,DEV000272,GEO000603,False,310007.34
TXN001142,ACC000177,ACC000150,2025-05-24 23:17:15,1527.24,INR,merchant_payment,IMPS,,DEV000273,GEO000607,False,285936.32
TXN001143,ACC000177,ACC000194,2025-07-21 21:48:45,583.04,INR,merchant_payment,net_banking,BENE000451,DEV000273,GEO000606,False,372851.01
TXN001144,ACC000177,ACC000119,2025-10-11 22:36:27,1832.58,INR,upi_p2p,net_banking,,DEV000273,GEO000607,False,94578.18
TXN001145,ACC000177,ACC000156,2025-12-19 08:41:07,2805.4,INR,transfer,RTGS,,DEV000273,GEO000607,False,265031.33
TXN001146,ACC000177,ACC000068,2025-12-26 09:43:51,1196.04,INR,transfer,branch,BENE000449,DEV000273,GEO000608,False,262013.07
TXN001147,ACC000177,ACC000101,2025-07-23 06:09:45,517.57,INR,bill_payment,ATM,,DEV000273,GEO000606,False,171517.79
TXN001148,ACC000177,ACC000112,2025-11-26 16:31:11,1825.2,INR,transfer,ATM,BENE000450,DEV000273,GEO000609,False,288642.43
TXN001149,ACC000177,ACC000211,2025-01-09 19:14:34,2435.77,INR,merchant_payment,UPI,BENE000448,DEV000273,GEO000608,False,185832.86
TXN001150,ACC000177,ACC000038,2025-08-06 14:07:56,2810.13,INR,cash_deposit,ATM,BENE000450,DEV000273,GEO000607,False,372512.25
TXN001151,ACC000177,ACC000138,2025-10-19 14:30:13,262.62,INR,upi_p2p,RTGS,BENE000451,DEV000273,GEO000607,False,10967.62
TXN001152,ACC000178,ACC000032,2025-08-12 13:39:49,14619.64,INR,merchant_payment,net_banking,,DEV000274,GEO000610,False,266786.49
TXN001153,ACC000178,ACC000219,2025-08-11 17:27:22,59088.58,INR,cash_withdrawal,UPI,BENE000455,DEV000274,GEO000611,False,22089.01
TXN001154,ACC000178,ACC000016,2025-09-26 00:03:11,31960.9,INR,merchant_payment,net_banking,BENE000452,DEV000274,GEO000610,False,439780.49
TXN001155,ACC000178,ACC000077,2025-03-24 09:38:12,42935.09,INR,bill_payment,NEFT,,DEV000274,GEO000611,False,397742.31
TXN001156,ACC000179,ACC000053,2025-05-28 05:36:16,45500.05,INR,bill_payment,RTGS,,DEV000275,GEO000613,False,255318.84
TXN001157,ACC000179,ACC000154,2025-06-05 17:03:42,34187.33,INR,bill_payment,IMPS,,DEV000275,GEO000613,False,313689.03
TXN001158,ACC000179,ACC000140,2025-05-05 22:59:37,58530.58,INR,cash_deposit,net_banking,BENE000456,DEV000275,GEO000614,False,43888.16
TXN001159,ACC000179,ACC000086,2025-12-01 06:59:48,23272.87,INR,cash_deposit,ATM,BENE000456,DEV000275,GEO000613,False,51529.73
TXN001160,ACC000179,ACC000075,2025-04-06 13:48:43,23694.67,INR,upi_p2p,mobile_app,BENE000456,DEV000275,GEO000613,False,229010.93
TXN001161,ACC000179,ACC000219,2025-03-03 12:28:08,32773.2,INR,cash_deposit,NEFT,BENE000456,DEV000275,GEO000613,False,148197.65
TXN001162,ACC000179,ACC000134,2025-02-01 22:13:22,22787.12,INR,cash_withdrawal,branch,BENE000456,DEV000275,GEO000614,False,312102.47
TXN001163,ACC000179,ACC000119,2025-05-06 13:39:08,38149.44,INR,bill_payment,IMPS,,DEV000275,GEO000614,False,22384.0
TXN001164,ACC000179,ACC000096,2025-02-18 07:51:44,2440.91,INR,upi_p2p,mobile_app,,DEV000275,GEO000614,False,5128.01
TXN001165,ACC000180,ACC000125,2025-06-12 23:52:22,12670.13,INR,bill_payment,net_banking,BENE000459,DEV000276,GEO000617,False,227190.53
TXN001166,ACC000180,ACC000136,2025-10-21 04:54:12,34824.89,INR,merchant_payment,IMPS,,DEV000276,GEO000615,False,287991.22
TXN001167,ACC000180,ACC000012,2025-06-12 11:40:08,29818.77,INR,cash_withdrawal,mobile_app,,DEV000276,GEO000615,False,382002.15
TXN001168,ACC000180,ACC000072,2025-08-27 07:46:57,30647.02,INR,cash_withdrawal,IMPS,,DEV000276,GEO000615,False,119327.61
TXN001169,ACC000180,ACC000213,2025-10-25 20:12:19,19853.35,INR,upi_p2p,RTGS,BENE000459,DEV000276,GEO000616,False,444244.73
TXN001170,ACC000181,ACC000165,2025-06-14 23:35:34,48401.44,INR,merchant_payment,net_banking,,DEV000277,GEO000619,False,410559.7
TXN001171,ACC000181,ACC000199,2025-10-07 22:44:47,45986.86,INR,transfer,ATM,,DEV000278,GEO000618,False,380243.34
TXN001172,ACC000181,ACC000017,2025-07-16 23:58:44,29706.38,INR,merchant_payment,RTGS,,DEV000278,GEO000619,False,111999.9
TXN001173,ACC000182,ACC000055,2025-06-07 04:06:18,2744.37,INR,cash_deposit,RTGS,BENE000464,DEV000279,GEO000621,False,302916.38
TXN001174,ACC000182,ACC000160,2025-12-21 15:07:18,1209.96,INR,cash_withdrawal,ATM,BENE000464,DEV000280,GEO000620,False,198553.1
TXN001175,ACC000182,ACC000090,2025-04-13 17:23:14,7256.36,INR,transfer,branch,,DEV000279,GEO000622,False,431315.87
TXN001176,ACC000182,ACC000060,2025-12-14 08:46:21,961.55,INR,transfer,IMPS,BENE000465,DEV000280,GEO000621,False,379223.0
TXN001177,ACC000182,ACC000017,2025-01-08 15:26:00,707.12,INR,upi_p2p,RTGS,,DEV000280,GEO000620,False,80620.96
TXN001178,ACC000182,ACC000096,2025-10-31 05:25:33,2352.22,INR,merchant_payment,net_banking,BENE000465,DEV000279,GEO000622,False,50296.55
TXN001179,ACC000183,ACC000037,2025-10-19 12:35:30,15513.88,INR,cash_deposit,mobile_app,,DEV000282,GEO000623,False,491498.83
TXN001180,ACC000183,ACC000148,2025-06-08 00:20:20,11514.07,INR,bill_payment,IMPS,,DEV000281,GEO000624,False,396932.01
TXN001181,ACC000183,ACC000048,2025-04-23 11:23:06,973.23,INR,upi_p2p,ATM,BENE000466,DEV000281,GEO000624,False,18687.57
TXN001182,ACC000183,ACC000079,2025-05-29 13:49:43,29265.94,INR,transfer,NEFT,BENE000467,DEV000281,GEO000623,False,273531.52
TXN001183,ACC000183,ACC000115,2025-09-27 16:49:22,36283.53,INR,transfer,UPI,,DEV000281,GEO000623,False,389936.96
TXN001184,ACC000184,ACC000101,2025-12-13 21:48:36,42446.92,INR,upi_p2p,UPI,BENE000473,DEV000283,GEO000630,False,479259.65
TXN001185,ACC000184,ACC000150,2025-01-13 02:35:35,725.14,INR,cash_deposit,RTGS,BENE000473,DEV000283,GEO000626,False,122454.11
TXN001186,ACC000184,ACC000086,2025-11-06 21:21:08,29839.93,INR,transfer,mobile_app,,DEV000283,GEO000627,False,45648.14
TXN001187,ACC000184,ACC000193,2025-10-30 09:56:19,2021.67,INR,cash_deposit,UPI,BENE000473,DEV000283,GEO000626,False,283619.44
TXN001188,ACC000184,ACC000191,2025-07-17 19:10:12,25077.64,INR,transfer,NEFT,BENE000470,DEV000283,GEO000627,False,402328.22
TXN001189,ACC000184,ACC000065,2025-05-03 19:19:19,46002.7,INR,upi_p2p,branch,,DEV000283,GEO000626,False,56368.71
TXN001190,ACC000185,ACC000141,2025-11-10 16:42:40,59570.04,INR,transfer,RTGS,BENE000474,DEV000284,GEO000634,False,204124.1
TXN001191,ACC000185,ACC000038,2025-11-17 10:02:50,13689.86,INR,cash_withdrawal,branch,BENE000474,DEV000284,GEO000632,False,324324.95
TXN001192,ACC000185,ACC000004,2025-02-25 22:50:11,20670.81,INR,bill_payment,branch,,DEV000284,GEO000632,False,457017.33
TXN001193,ACC000185,ACC000171,2025-10-11 16:03:28,1217.66,INR,cash_withdrawal,branch,,DEV000285,GEO000634,False,188537.98
TXN001194,ACC000185,ACC000006,2025-03-22 20:58:33,40529.3,INR,cash_deposit,IMPS,BENE000474,DEV000285,GEO000631,False,235692.05
TXN001195,ACC000186,ACC000167,2025-06-30 19:52:50,36240.14,INR,cash_withdrawal,mobile_app,,DEV000286,GEO000637,False,413753.46
TXN001196,ACC000186,ACC000092,2025-08-15 22:30:02,32494.98,INR,transfer,NEFT,BENE000476,DEV000286,GEO000636,False,160514.9
TXN001197,ACC000186,ACC000138,2025-08-14 19:26:02,55346.8,INR,transfer,UPI,,DEV000287,GEO000638,False,496690.49
TXN001198,ACC000186,ACC000180,2025-04-21 21:23:10,44003.91,INR,merchant_payment,NEFT,,DEV000287,GEO000637,False,395790.69
TXN001199,ACC000187,ACC000033,2025-03-25 01:38:08,27923.82,INR,transfer,mobile_app,BENE000478,DEV000288,GEO000641,False,256074.75
TXN001200,ACC000187,ACC000060,2025-06-20 05:27:25,49287.69,INR,merchant_payment,net_banking,BENE000478,DEV000288,GEO000639,False,43791.26
TXN001201,ACC000187,ACC000077,2025-01-17 22:29:39,3211.04,INR,merchant_payment,ATM,,DEV000288,GEO000640,False,392926.1
TXN001202,ACC000187,ACC000059,2025-04-19 04:45:48,32511.88,INR,merchant_payment,NEFT,,DEV000288,GEO000642,False,20497.28
TXN001203,ACC000187,ACC000041,2025-02-15 13:01:13,13595.29,INR,merchant_payment,NEFT,BENE000478,DEV000288,GEO000641,False,357493.53
TXN001204,ACC000187,ACC000003,2025-03-07 07:28:54,4141.9,INR,bill_payment,ATM,,DEV000288,GEO000640,False,180280.53
TXN001205,ACC000187,ACC000085,2025-01-01 13:53:19,52743.22,INR,bill_payment,mobile_app,BENE000479,DEV000288,GEO000639,False,125084.74
TXN001206,ACC000187,ACC000075,2025-10-16 20:30:05,42916.17,INR,cash_deposit,RTGS,,DEV000288,GEO000639,False,2675.99
TXN001207,ACC000187,ACC000134,2025-08-11 00:58:39,46133.45,INR,merchant_payment,net_banking,BENE000478,DEV000288,GEO000641,False,12548.18
TXN001208,ACC000188,ACC000099,2025-08-09 11:30:35,45227.52,INR,upi_p2p,UPI,,DEV000289,GEO000643,False,101569.22
TXN001209,ACC000188,ACC000117,2025-10-16 05:28:30,49933.82,INR,upi_p2p,RTGS,BENE000480,DEV000289,GEO000644,False,150800.58
TXN001210,ACC000188,ACC000216,2025-02-01 22:09:50,56579.6,INR,merchant_payment,NEFT,BENE000480,DEV000289,GEO000644,False,26280.44
TXN001211,ACC000188,ACC000153,2025-11-13 21:04:17,50501.22,INR,merchant_payment,branch,BENE000480,DEV000289,GEO000643,False,361783.25
TXN001212,ACC000189,ACC000115,2025-02-02 00:47:14,20051.71,INR,merchant_payment,net_banking,,DEV000290,GEO000646,False,278092.69
TXN001213,ACC000189,ACC000095,2025-09-27 15:22:18,5734.1,INR,merchant_payment,UPI,,DEV000290,GEO000647,False,95367.17
TXN001214,ACC000189,ACC000067,2025-11-09 14:23:48,18306.84,INR,transfer,net_banking,BENE000481,DEV000290,GEO000647,False,139589.31
TXN001215,ACC000189,ACC000106,2025-01-12 15:21:10,9734.9,INR,cash_deposit,branch,,DEV000290,GEO000650,False,137395.78
TXN001216,ACC000189,ACC000104,2025-06-17 17:59:43,9631.09,INR,upi_p2p,mobile_app,,DEV000290,GEO000646,False,134231.28
TXN001217,ACC000189,ACC000165,2025-10-08 00:22:20,542.38,INR,bill_payment,net_banking,,DEV000290,GEO000647,False,257156.12
TXN001218,ACC000190,ACC000001,2025-02-27 23:30:01,55442.43,INR,cash_deposit,UPI,BENE000482,DEV000291,GEO000653,False,248943.45
TXN001219,ACC000190,ACC000177,2025-05-07 02:59:53,52215.29,INR,cash_deposit,ATM,,DEV000291,GEO000653,False,206381.33
TXN001220,ACC000190,ACC000041,2025-12-28 09:22:27,12977.36,INR,cash_deposit,mobile_app,BENE000484,DEV000291,GEO000652,False,48255.92
TXN001221,ACC000190,ACC000198,2025-08-06 11:42:21,54835.69,INR,merchant_payment,IMPS,BENE000483,DEV000291,GEO000653,False,469195.79
TXN001222,ACC000190,ACC000161,2025-03-10 14:51:52,45401.32,INR,cash_withdrawal,IMPS,,DEV000291,GEO000652,False,446234.88
TXN001223,ACC000190,ACC000030,2025-12-10 01:36:03,2022.72,INR,cash_deposit,UPI,BENE000483,DEV000291,GEO000651,False,12742.28
TXN001224,ACC000190,ACC000022,2025-02-19 15:03:34,32481.68,INR,merchant_payment,UPI,BENE000484,DEV000291,GEO000651,False,439610.37
TXN001225,ACC000191,ACC000052,2025-12-18 02:37:54,1040.38,INR,upi_p2p,NEFT,BENE000485,DEV000292,GEO000655,False,327777.12
TXN001226,ACC000191,ACC000068,2025-07-26 17:52:35,4927.8,INR,transfer,RTGS,,DEV000293,GEO000655,False,112969.79
TXN001227,ACC000191,ACC000209,2025-10-27 18:39:55,6090.21,INR,cash_withdrawal,branch,BENE000485,DEV000293,GEO000656,False,327890.69
TXN001228,ACC000191,ACC000037,2025-06-20 19:17:20,2969.03,INR,bill_payment,branch,BENE000485,DEV000293,GEO000654,False,167115.25
TXN001229,ACC000191,ACC000002,2025-05-23 02:54:36,3499.48,INR,upi_p2p,ATM,,DEV000293,GEO000655,False,130477.02
TXN001230,ACC000192,ACC000143,2025-06-13 19:58:50,5167.83,INR,cash_deposit,UPI,,DEV000294,GEO000659,False,374977.17
TXN001231,ACC000192,ACC000033,2025-11-17 19:20:43,27639.07,INR,bill_payment,NEFT,,DEV000294,GEO000657,False,423804.7
TXN001232,ACC000192,ACC000181,2025-11-11 06:39:42,23368.13,INR,cash_withdrawal,NEFT,BENE000486,DEV000294,GEO000658,False,478239.94
TXN001233,ACC000192,ACC000160,2025-12-08 11:51:58,26627.4,INR,cash_deposit,RTGS,BENE000489,DEV000294,GEO000661,False,415104.8
TXN001234,ACC000192,ACC000170,2025-03-03 23:59:13,34775.23,INR,upi_p2p,ATM,BENE000486,DEV000294,GEO000657,False,403331.92
TXN001235,ACC000192,ACC000078,2025-07-14 09:54:59,34024.39,INR,cash_withdrawal,UPI,BENE000488,DEV000294,GEO000658,False,406035.82
TXN001236,ACC000192,ACC000079,2025-01-21 20:01:53,18572.87,INR,cash_deposit,NEFT,BENE000488,DEV000294,GEO000657,False,395524.32
TXN001237,ACC000192,ACC000111,2025-11-24 13:46:19,15316.11,INR,upi_p2p,IMPS,BENE000487,DEV000294,GEO000659,False,9578.76
TXN001238,ACC000193,ACC000169,2025-09-26 08:10:48,16729.45,INR,cash_withdrawal,net_banking,,DEV000295,GEO000662,False,306617.1
TXN001239,ACC000193,ACC000199,2025-03-17 22:47:45,32892.78,INR,transfer,UPI,BENE000491,DEV000296,GEO000663,False,117517.36
TXN001240,ACC000193,ACC000058,2025-05-12 00:27:09,40694.66,INR,cash_withdrawal,UPI,,DEV000295,GEO000666,False,293756.56
TXN001241,ACC000193,ACC000108,2025-07-28 11:42:52,1587.31,INR,cash_deposit,NEFT,BENE000490,DEV000296,GEO000662,False,408462.78
TXN001242,ACC000193,ACC000012,2025-03-12 13:59:04,5648.26,INR,cash_withdrawal,branch,BENE000490,DEV000295,GEO000664,False,124320.14
TXN001243,ACC000193,ACC000008,2025-02-16 00:09:47,42552.34,INR,transfer,branch,,DEV000296,GEO000662,False,120619.01
TXN001244,ACC000193,ACC000037,2025-02-09 00:32:33,42869.09,INR,upi_p2p,NEFT,BENE000490,DEV000295,GEO000662,False,499751.76
TXN001245,ACC000193,ACC000052,2025-02-10 18:59:35,35761.54,INR,merchant_payment,mobile_app,,DEV000295,GEO000662,False,17184.43
TXN001246,ACC000193,ACC000004,2025-03-23 12:00:19,18009.28,INR,cash_deposit,net_banking,,DEV000295,GEO000662,False,248694.61
TXN001247,ACC000194,ACC000151,2025-11-16 11:31:12,28104.76,INR,upi_p2p,NEFT,,DEV000297,GEO000667,False,379077.53
TXN001248,ACC000194,ACC000040,2025-10-23 08:55:45,59264.15,INR,cash_withdrawal,mobile_app,,DEV000297,GEO000667,False,143162.78
TXN001249,ACC000194,ACC000163,2025-07-01 05:34:48,49324.24,INR,cash_withdrawal,IMPS,BENE000493,DEV000297,GEO000667,False,171022.33
TXN001250,ACC000194,ACC000087,2025-07-25 20:58:31,10105.78,INR,transfer,mobile_app,,DEV000297,GEO000667,False,338321.86
TXN001251,ACC000195,ACC000134,2025-10-17 04:53:46,407.09,INR,bill_payment,RTGS,BENE000497,DEV000298,GEO000669,False,53786.03
TXN001252,ACC000195,ACC000008,2025-08-03 13:54:16,41477.51,INR,transfer,RTGS,,DEV000298,GEO000669,False,338746.21
TXN001253,ACC000195,ACC000151,2025-09-04 02:54:55,59273.08,INR,cash_withdrawal,RTGS,,DEV000298,GEO000669,False,243097.17
TXN001254,ACC000195,ACC000215,2025-03-30 00:51:27,2611.04,INR,cash_deposit,net_banking,,DEV000298,GEO000669,False,273967.91
TXN001255,ACC000195,ACC000173,2025-10-08 16:56:09,43035.82,INR,cash_withdrawal,IMPS,BENE000496,DEV000298,GEO000669,False,334895.71
TXN001256,ACC000195,ACC000076,2025-03-17 09:39:09,47944.47,INR,bill_payment,ATM,BENE000494,DEV000298,GEO000669,False,195960.83
TXN001257,ACC000195,ACC000010,2025-11-03 13:12:02,59600.19,INR,merchant_payment,NEFT,BENE000497,DEV000298,GEO000670,False,10941.63
TXN001258,ACC000195,ACC000206,2025-06-21 20:14:59,40997.97,INR,cash_withdrawal,net_banking,BENE000496,DEV000298,GEO000669,False,348793.75
TXN001259,ACC000195,ACC000037,2025-02-04 17:39:58,19446.87,INR,upi_p2p,net_banking,,DEV000298,GEO000670,False,194809.2
TXN001260,ACC000196,ACC000123,2025-12-27 07:11:51,665.58,INR,bill_payment,IMPS,,DEV000299,GEO000673,False,129755.8
TXN001261,ACC000196,ACC000201,2025-03-02 19:03:55,13814.28,INR,bill_payment,net_banking,BENE000499,DEV000299,GEO000673,False,252191.22
TXN001262,ACC000196,ACC000057,2025-01-10 03:49:44,693.22,INR,transfer,NEFT,BENE000498,DEV000299,GEO000671,False,24378.51
TXN001263,ACC000197,ACC000095,2025-12-21 00:39:10,1176.54,INR,cash_deposit,IMPS,BENE000500,DEV000301,GEO000675,False,116313.11
TXN001264,ACC000197,ACC000158,2025-12-01 23:05:56,4721.67,INR,cash_withdrawal,net_banking,BENE000500,DEV000300,GEO000674,False,440351.76
TXN001265,ACC000197,ACC000071,2025-12-21 05:14:19,7032.89,INR,cash_withdrawal,UPI,,DEV000301,GEO000675,False,62017.46
TXN001266,ACC000197,ACC000121,2025-04-06 20:10:26,7761.04,INR,cash_withdrawal,net_banking,,DEV000300,GEO000674,False,453896.08
TXN001267,ACC000198,ACC000207,2025-02-08 05:54:19,8212.39,INR,merchant_payment,IMPS,BENE000502,DEV000302,GEO000678,False,130539.07
TXN001268,ACC000198,ACC000097,2025-11-28 16:37:13,56345.52,INR,transfer,RTGS,,DEV000302,GEO000676,False,10411.53
TXN001269,ACC000198,ACC000076,2025-11-02 13:12:29,17704.58,INR,upi_p2p,IMPS,,DEV000302,GEO000677,False,234813.35
TXN001270,ACC000198,ACC000010,2025-05-20 01:45:44,4066.54,INR,transfer,mobile_app,BENE000502,DEV000302,GEO000676,False,62129.02
TXN001271,ACC000198,ACC000099,2025-11-09 19:53:15,15961.75,INR,upi_p2p,RTGS,,DEV000302,GEO000677,False,31539.51
TXN001272,ACC000198,ACC000026,2025-07-09 00:08:56,19219.4,INR,bill_payment,mobile_app,BENE000502,DEV000302,GEO000677,False,420427.78
TXN001273,ACC000198,ACC000129,2025-11-25 19:35:37,19594.19,INR,cash_deposit,UPI,BENE000502,DEV000302,GEO000676,False,166833.06
TXN001274,ACC000199,ACC000176,2025-07-25 02:02:14,24289.03,INR,bill_payment,RTGS,,DEV000303,GEO000680,False,224898.75
TXN001275,ACC000199,ACC000110,2025-04-08 08:25:45,8339.18,INR,cash_deposit,NEFT,BENE000503,DEV000303,GEO000679,False,429973.73
TXN001276,ACC000199,ACC000181,2025-03-22 04:58:23,56596.13,INR,bill_payment,NEFT,,DEV000303,GEO000680,False,179709.13
TXN001277,ACC000199,ACC000033,2025-03-26 14:51:51,53608.37,INR,cash_deposit,RTGS,,DEV000303,GEO000680,False,347347.23
TXN001278,ACC000199,ACC000205,2025-04-13 05:37:58,31117.35,INR,merchant_payment,NEFT,BENE000503,DEV000303,GEO000679,False,390305.88
TXN001279,ACC000199,ACC000200,2025-04-02 09:18:49,15730.55,INR,cash_withdrawal,mobile_app,BENE000503,DEV000303,GEO000680,False,371359.65
TXN001280,ACC000199,ACC000084,2025-08-20 12:48:41,51254.51,INR,cash_deposit,branch,BENE000503,DEV000303,GEO000680,False,206335.45
TXN001281,ACC000199,ACC000015,2025-10-14 02:57:52,28526.66,INR,merchant_payment,RTGS,BENE000503,DEV000303,GEO000680,False,218730.76
TXN001282,ACC000199,ACC000020,2025-08-16 20:24:28,42326.93,INR,transfer,ATM,,DEV000303,GEO000679,False,238951.58
TXN001283,ACC000200,ACC000192,2025-11-22 04:08:22,7988.23,INR,upi_p2p,ATM,,DEV000304,GEO000681,False,88545.16
TXN001284,ACC000200,ACC000165,2025-02-27 04:14:12,29032.29,INR,transfer,net_banking,,DEV000305,GEO000683,False,245557.78
TXN001285,ACC000200,ACC000156,2025-02-16 20:55:51,58128.98,INR,transfer,NEFT,,DEV000304,GEO000681,False,79649.7
TXN001286,ACC000200,ACC000140,2025-05-25 10:48:54,7018.4,INR,cash_withdrawal,NEFT,BENE000504,DEV000304,GEO000681,False,417937.3
TXN001287,ACC000200,ACC000149,2025-01-04 01:17:39,12598.35,INR,bill_payment,UPI,,DEV000304,GEO000682,False,497456.0
TXN001288,ACC000200,ACC000146,2025-11-05 15:15:58,33065.66,INR,transfer,branch,BENE000504,DEV000304,GEO000684,False,31214.46
TXN001289,ACC000200,ACC000140,2025-01-10 19:33:50,52127.42,INR,cash_deposit,RTGS,,DEV000304,GEO000682,False,41112.15
TXN001290,ACC000200,ACC000050,2025-06-23 01:44:32,53248.22,INR,transfer,IMPS,BENE000505,DEV000304,GEO000681,False,105130.61
TXN001291,ACC000200,ACC000106,2025-11-21 07:58:57,27638.51,INR,cash_withdrawal,branch,,DEV000305,GEO000682,False,431649.72
TXN001292,ACC000201,ACC000041,2025-08-07 17:25:03,16862.5,INR,cash_deposit,NEFT,BENE000508,DEV000306,GEO000687,False,478993.46
TXN001293,ACC000201,ACC000009,2025-10-15 22:39:21,23982.37,INR,cash_withdrawal,branch,,DEV000306,GEO000685,False,308275.33
TXN001294,ACC000201,ACC000157,2025-11-14 12:48:17,59201.11,INR,cash_withdrawal,net_banking,,DEV000306,GEO000687,False,64483.06
TXN001295,ACC000201,ACC000180,2025-03-03 08:42:03,59480.13,INR,cash_deposit,UPI,,DEV000306,GEO000685,False,59818.6
TXN001296,ACC000201,ACC000100,2025-03-28 07:08:05,21014.09,INR,transfer,branch,BENE000509,DEV000306,GEO000685,False,359544.62
TXN001297,ACC000201,ACC000116,2025-06-03 10:54:18,38823.72,INR,bill_payment,RTGS,,DEV000306,GEO000687,False,178592.96
TXN001298,ACC000201,ACC000053,2025-08-17 09:36:07,29457.27,INR,merchant_payment,IMPS,,DEV000306,GEO000686,False,253327.08
TXN001299,ACC000201,ACC000140,2025-06-18 21:05:13,18220.89,INR,transfer,NEFT,,DEV000306,GEO000686,False,423397.28
TXN001300,ACC000201,ACC000006,2025-03-07 21:13:00,2866.77,INR,transfer,net_banking,BENE000508,DEV000306,GEO000687,False,386051.97
TXN001301,ACC000201,ACC000096,2025-10-29 14:42:41,49551.72,INR,cash_withdrawal,ATM,BENE000508,DEV000306,GEO000686,False,292806.01
TXN001302,ACC000202,ACC000041,2025-05-16 08:13:02,57435.68,INR,bill_payment,ATM,,DEV000307,GEO000688,False,123094.58
TXN001303,ACC000202,ACC000018,2025-01-16 19:41:47,9407.06,INR,cash_withdrawal,IMPS,BENE000510,DEV000308,GEO000688,False,494665.98
TXN001304,ACC000202,ACC000073,2025-05-08 14:24:30,47813.63,INR,upi_p2p,mobile_app,,DEV000307,GEO000691,False,406766.53
TXN001305,ACC000202,ACC000207,2025-08-06 14:01:17,17233.26,INR,bill_payment,ATM,,DEV000307,GEO000689,False,147977.08
TXN001306,ACC000202,ACC000064,2025-06-03 01:24:39,55164.36,INR,merchant_payment,NEFT,,DEV000307,GEO000688,False,14299.49
TXN001307,ACC000203,ACC000032,2025-02-19 01:26:23,49932.87,INR,cash_withdrawal,branch,,DEV000310,GEO000692,False,29708.57
TXN001308,ACC000203,ACC000200,2025-05-10 10:57:06,45131.14,INR,cash_deposit,IMPS,BENE000512,DEV000310,GEO000692,False,483523.45
TXN001309,ACC000203,ACC000103,2025-03-18 22:18:47,4700.19,INR,cash_deposit,branch,BENE000511,DEV000310,GEO000693,False,192581.46
TXN001310,ACC000203,ACC000153,2025-10-28 22:20:55,52044.46,INR,upi_p2p,net_banking,BENE000511,DEV000310,GEO000693,False,293392.47
TXN001311,ACC000203,ACC000047,2025-06-03 14:32:36,26891.05,INR,upi_p2p,ATM,BENE000514,DEV000310,GEO000693,False,64926.31
TXN001312,ACC000203,ACC000109,2025-11-29 00:54:22,57057.28,INR,cash_deposit,IMPS,BENE000511,DEV000310,GEO000693,False,448752.25
TXN001313,ACC000204,ACC000180,2025-01-10 20:47:24,53443.3,INR,cash_deposit,net_banking,BENE000517,DEV000312,GEO000694,False,296952.65
TXN001314,ACC000204,ACC000169,2025-10-16 02:19:33,52785.7,INR,cash_withdrawal,IMPS,BENE000515,DEV000311,GEO000695,False,352870.12
TXN001315,ACC000204,ACC000017,2025-05-18 09:57:41,41526.78,INR,cash_withdrawal,IMPS,BENE000515,DEV000311,GEO000695,False,360177.88
TXN001316,ACC000204,ACC000036,2025-02-08 23:29:34,34996.82,INR,transfer,branch,,DEV000311,GEO000696,False,259194.94
TXN001317,ACC000204,ACC000114,2025-07-08 09:35:40,55056.06,INR,cash_deposit,UPI,,DEV000312,GEO000695,False,64298.05
TXN001318,ACC000205,ACC000034,2025-03-01 13:05:47,21578.42,INR,merchant_payment,ATM,,DEV000313,GEO000699,False,270310.61
TXN001319,ACC000205,ACC000029,2025-08-18 09:43:48,4171.4,INR,transfer,branch,BENE000518,DEV000313,GEO000700,False,317389.63
TXN001320,ACC000205,ACC000213,2025-08-12 03:29:02,4566.52,INR,bill_payment,ATM,BENE000518,DEV000313,GEO000700,False,436430.93
TXN001321,ACC000205,ACC000015,2025-03-06 10:34:18,7694.15,INR,upi_p2p,branch,BENE000518,DEV000313,GEO000699,False,318633.37
TXN001322,ACC000205,ACC000202,2025-11-01 15:01:32,8112.23,INR,merchant_payment,ATM,,DEV000313,GEO000699,False,355590.13
TXN001323,ACC000205,ACC000123,2025-02-22 10:03:52,9108.83,INR,bill_payment,mobile_app,BENE000518,DEV000313,GEO000700,False,181843.89
TXN001324,ACC000205,ACC000056,2025-12-01 20:52:43,17380.72,INR,cash_withdrawal,IMPS,BENE000518,DEV000313,GEO000700,False,87134.14
TXN001325,ACC000206,ACC000003,2025-10-21 04:56:31,2698.76,INR,bill_payment,IMPS,,DEV000314,GEO000702,False,494439.68
TXN001326,ACC000206,ACC000115,2025-03-08 20:07:09,13188.04,INR,bill_payment,branch,BENE000520,DEV000314,GEO000701,False,396666.54
TXN001327,ACC000206,ACC000063,2025-12-25 02:12:16,6630.35,INR,cash_withdrawal,UPI,,DEV000314,GEO000701,False,327907.0
TXN001328,ACC000206,ACC000101,2025-03-08 02:45:37,19747.16,INR,cash_deposit,mobile_app,BENE000521,DEV000314,GEO000704,False,459361.83
TXN001329,ACC000206,ACC000088,2025-11-18 13:48:37,19927.43,INR,merchant_payment,IMPS,BENE000522,DEV000314,GEO000702,False,418140.98
TXN001330,ACC000206,ACC000166,2025-01-16 06:39:28,641.1,INR,bill_payment,net_banking,,DEV000314,GEO000701,False,123559.55
TXN001331,ACC000206,ACC000196,2025-03-19 23:31:08,12865.32,INR,bill_payment,UPI,,DEV000314,GEO000703,False,47729.43
TXN001332,ACC000206,ACC000152,2025-03-28 06:59:12,9188.0,INR,transfer,mobile_app,,DEV000314,GEO000701,False,72639.52
TXN001333,ACC000207,ACC000169,2025-01-15 11:23:56,16517.47,INR,cash_withdrawal,NEFT,,DEV000315,GEO000708,False,28391.56
TXN001334,ACC000207,ACC000112,2025-12-04 23:51:43,6811.07,INR,cash_withdrawal,ATM,BENE000523,DEV000316,GEO000705,False,114906.32
TXN001335,ACC000207,ACC000045,2025-03-19 15:03:54,14022.06,INR,transfer,RTGS,,DEV000316,GEO000706,False,336975.04
TXN001336,ACC000207,ACC000053,2025-12-03 20:15:25,45329.71,INR,cash_deposit,net_banking,BENE000523,DEV000315,GEO000709,False,482533.8
TXN001337,ACC000207,ACC000077,2025-02-23 06:57:14,48010.42,INR,upi_p2p,net_banking,BENE000523,DEV000316,GEO000707,False,59035.8
TXN001338,ACC000207,ACC000192,2025-03-18 08:42:00,23617.33,INR,cash_deposit,RTGS,BENE000523,DEV000316,GEO000709,False,447253.51
TXN001339,ACC000207,ACC000193,2025-01-13 06:57:46,21693.24,INR,upi_p2p,ATM,BENE000523,DEV000316,GEO000709,False,409575.94
TXN001340,ACC000207,ACC000110,2025-11-11 03:02:49,3737.88,INR,cash_withdrawal,IMPS,,DEV000315,GEO000709,False,10866.64
TXN001341,ACC000207,ACC000023,2025-11-21 15:05:29,43301.14,INR,merchant_payment,ATM,,DEV000315,GEO000707,False,21547.01
TXN001342,ACC000207,ACC000044,2025-04-22 11:19:26,28740.95,INR,cash_deposit,branch,BENE000523,DEV000316,GEO000707,False,84940.91
TXN001343,ACC000208,ACC000089,2025-06-16 08:59:00,37804.82,INR,bill_payment,NEFT,,DEV000318,GEO000713,False,498719.18
TXN001344,ACC000208,ACC000043,2025-05-20 09:31:13,42294.92,INR,merchant_payment,IMPS,,DEV000317,GEO000713,False,69270.92
TXN001345,ACC000208,ACC000144,2025-08-09 12:27:56,2196.64,INR,upi_p2p,RTGS,,DEV000317,GEO000711,False,367237.16
TXN001346,ACC000208,ACC000069,2025-01-25 13:14:46,31637.66,INR,transfer,IMPS,,DEV000317,GEO000712,False,157163.2
TXN001347,ACC000208,ACC000190,2025-04-15 01:09:59,8597.4,INR,cash_deposit,branch,,DEV000317,GEO000712,False,302099.54
TXN001348,ACC000208,ACC000214,2025-11-06 22:40:27,1765.12,INR,bill_payment,RTGS,,DEV000317,GEO000712,False,25905.56
TXN001349,ACC000208,ACC000126,2025-11-25 17:17:56,31382.75,INR,cash_deposit,net_banking,BENE000524,DEV000318,GEO000711,False,138627.88
TXN001350,ACC000209,ACC000014,2025-06-03 20:39:31,7644.39,INR,transfer,RTGS,BENE000526,DEV000320,GEO000717,False,424690.75
TXN001351,ACC000209,ACC000034,2025-09-21 20:48:28,9169.57,INR,bill_payment,NEFT,,DEV000319,GEO000716,False,441251.76
TXN001352,ACC000209,ACC000023,2025-07-21 17:47:07,4013.2,INR,merchant_payment,mobile_app,BENE000525,DEV000319,GEO000715,False,288855.47
TXN001353,ACC000209,ACC000029,2025-01-05 07:23:38,8149.0,INR,cash_withdrawal,IMPS,,DEV000319,GEO000717,False,418976.34
TXN001354,ACC000209,ACC000099,2025-01-08 22:27:26,3167.11,INR,bill_payment,IMPS,BENE000525,DEV000320,GEO000717,False,114718.92
TXN001355,ACC000209,ACC000064,2025-06-22 12:18:34,2931.35,INR,cash_deposit,ATM,BENE000526,DEV000319,GEO000714,False,333270.08
TXN001356,ACC000209,ACC000006,2025-11-14 10:56:16,4338.34,INR,upi_p2p,net_banking,,DEV000319,GEO000715,False,210894.22
TXN001357,ACC000209,ACC000220,2025-07-04 14:48:54,9521.32,INR,upi_p2p,branch,BENE000526,DEV000319,GEO000718,False,254534.54
TXN001358,ACC000209,ACC000130,2025-06-17 08:21:10,3566.48,INR,merchant_payment,IMPS,BENE000525,DEV000319,GEO000717,False,286747.92
TXN001359,ACC000209,ACC000053,2025-04-29 07:49:21,7153.33,INR,bill_payment,RTGS,,DEV000320,GEO000714,False,158141.39
TXN001360,ACC000210,ACC000218,2025-01-09 12:11:26,19176.7,INR,upi_p2p,branch,,DEV000321,GEO000720,False,347540.19
TXN001361,ACC000210,ACC000016,2025-04-12 21:23:19,14770.52,INR,merchant_payment,NEFT,,DEV000321,GEO000723,False,341714.2
TXN001362,ACC000210,ACC000114,2025-01-12 13:11:33,9355.83,INR,bill_payment,UPI,BENE000527,DEV000321,GEO000719,False,289362.34
TXN001363,ACC000210,ACC000174,2025-12-15 02:14:51,19982.17,INR,cash_deposit,ATM,,DEV000321,GEO000723,False,40965.97
TXN001364,ACC000210,ACC000146,2025-11-14 01:24:34,12265.22,INR,bill_payment,RTGS,BENE000527,DEV000321,GEO000723,False,482921.98
TXN001365,ACC000210,ACC000197,2025-03-21 06:06:11,17574.9,INR,bill_payment,RTGS,,DEV000321,GEO000722,False,461105.43
TXN001366,ACC000210,ACC000137,2025-06-14 05:36:28,18693.56,INR,cash_withdrawal,branch,,DEV000321,GEO000722,False,79709.8
TXN001367,ACC000210,ACC000053,2025-10-06 19:54:10,15839.72,INR,merchant_payment,ATM,,DEV000321,GEO000720,False,151940.96
TXN001368,ACC000211,ACC000029,2025-04-20 15:00:43,21655.79,INR,merchant_payment,NEFT,,DEV000323,GEO000724,False,299808.39
TXN001369,ACC000211,ACC000017,2025-08-28 14:12:23,20530.72,INR,merchant_payment,RTGS,BENE000530,DEV000323,GEO000724,False,265720.47
TXN001370,ACC000211,ACC000070,2025-04-01 02:23:56,33772.39,INR,merchant_payment,branch,,DEV000323,GEO000724,False,391622.19
TXN001371,ACC000212,ACC000120,2025-10-09 10:29:58,32418.88,INR,cash_deposit,RTGS,,DEV000324,GEO000729,False,476970.23
TXN001372,ACC000212,ACC000070,2025-09-15 14:37:29,13463.28,INR,transfer,IMPS,BENE000531,DEV000324,GEO000726,False,441359.69
TXN001373,ACC000212,ACC000149,2025-12-24 16:25:02,43418.24,INR,bill_payment,net_banking,BENE000531,DEV000324,GEO000726,False,387580.62
TXN001374,ACC000212,ACC000030,2025-07-04 20:12:45,3453.07,INR,merchant_payment,UPI,BENE000531,DEV000324,GEO000728,False,102589.96
TXN001375,ACC000213,ACC000133,2025-09-06 19:01:43,53915.6,INR,transfer,RTGS,BENE000533,DEV000325,GEO000732,False,300718.5
TXN001376,ACC000213,ACC000107,2025-08-02 16:52:03,10596.42,INR,cash_withdrawal,branch,,DEV000325,GEO000731,False,10601.04
TXN001377,ACC000213,ACC000038,2025-07-20 12:38:20,30557.01,INR,merchant_payment,IMPS,,DEV000325,GEO000733,False,316041.59
TXN001378,ACC000214,ACC000020,2025-06-12 16:52:54,32482.25,INR,cash_deposit,net_banking,BENE000536,DEV000327,GEO000734,False,203666.11
TXN001379,ACC000214,ACC000034,2025-01-07 00:59:32,33536.66,INR,merchant_payment,UPI,,DEV000326,GEO000735,False,228688.45
TXN001380,ACC000214,ACC000163,2025-10-22 03:34:21,48306.99,INR,cash_deposit,ATM,BENE000536,DEV000327,GEO000736,False,401731.24
TXN001381,ACC000214,ACC000098,2025-09-02 18:01:15,39127.45,INR,upi_p2p,branch,,DEV000327,GEO000737,False,41530.27
TXN001382,ACC000215,ACC000189,2025-10-17 20:45:12,15625.12,INR,upi_p2p,UPI,,DEV000329,GEO000739,False,187593.56
TXN001383,ACC000215,ACC000105,2025-08-20 17:22:28,1170.09,INR,transfer,UPI,BENE000537,DEV000328,GEO000741,False,92137.17
TXN001384,ACC000215,ACC000069,2025-08-10 07:37:52,23781.6,INR,upi_p2p,mobile_app,,DEV000328,GEO000741,False,224980.8
TXN001385,ACC000216,ACC000194,2025-04-25 00:57:36,14688.53,INR,cash_withdrawal,UPI,BENE000539,DEV000331,GEO000742,False,349502.2
TXN001386,ACC000216,ACC000109,2025-04-10 08:37:19,30173.68,INR,transfer,RTGS,,DEV000331,GEO000743,False,485477.75
TXN001387,ACC000216,ACC000103,2025-11-18 04:50:32,42160.85,INR,merchant_payment,UPI,,DEV000330,GEO000743,False,285407.82
TXN001388,ACC000216,ACC000128,2025-04-07 14:42:05,31162.69,INR,cash_withdrawal,NEFT,,DEV000331,GEO000742,False,480404.38
TXN001389,ACC000216,ACC000060,2025-06-16 04:12:03,2498.73,INR,cash_deposit,RTGS,,DEV000331,GEO000743,False,65544.54
TXN001390,ACC000217,ACC000146,2025-11-14 03:13:55,5215.25,INR,upi_p2p,UPI,,DEV000332,GEO000744,False,93811.63
TXN001391,ACC000217,ACC000135,2025-05-31 06:39:00,2109.63,INR,cash_deposit,UPI,BENE000540,DEV000332,GEO000747,False,483282.69
TXN001392,ACC000217,ACC000146,2025-08-15 13:44:46,4424.36,INR,bill_payment,IMPS,,DEV000332,GEO000745,False,368881.24
TXN001393,ACC000217,ACC000203,2025-10-13 01:31:30,5873.04,INR,bill_payment,IMPS,,DEV000332,GEO000747,False,232531.66
TXN001394,ACC000217,ACC000127,2025-06-25 03:03:49,6522.49,INR,cash_withdrawal,NEFT,BENE000541,DEV000332,GEO000746,False,263070.74
TXN001395,ACC000217,ACC000013,2025-07-23 05:06:41,10006.16,INR,cash_withdrawal,ATM,BENE000540,DEV000332,GEO000746,False,488048.08
TXN001396,ACC000217,ACC000154,2025-02-02 20:52:53,1801.62,INR,bill_payment,NEFT,BENE000540,DEV000332,GEO000744,False,145506.84
TXN001397,ACC000218,ACC000168,2025-09-13 15:05:44,41964.03,INR,cash_deposit,UPI,,DEV000333,GEO000749,False,331006.15
TXN001398,ACC000218,ACC000219,2025-01-14 02:37:33,52268.77,INR,upi_p2p,net_banking,BENE000543,DEV000333,GEO000749,False,258776.51
TXN001399,ACC000218,ACC000148,2025-07-12 12:18:58,19419.55,INR,upi_p2p,RTGS,,DEV000333,GEO000748,False,270532.95
TXN001400,ACC000219,ACC000214,2025-09-18 17:32:44,23147.92,INR,bill_payment,UPI,BENE000546,DEV000334,GEO000750,False,28749.99
TXN001401,ACC000219,ACC000047,2025-04-01 16:40:41,20342.65,INR,bill_payment,mobile_app,BENE000546,DEV000334,GEO000751,False,311570.24
TXN001402,ACC000219,ACC000067,2025-08-05 23:27:18,54363.5,INR,cash_deposit,UPI,BENE000546,DEV000334,GEO000751,False,439794.03
TXN001403,ACC000219,ACC000022,2025-07-04 00:40:38,39601.13,INR,bill_payment,mobile_app,BENE000547,DEV000334,GEO000751,False,286363.6
TXN001404,ACC000219,ACC000123,2025-03-01 09:27:33,45510.2,INR,upi_p2p,branch,BENE000547,DEV000334,GEO000751,False,245885.51
TXN001405,ACC000219,ACC000031,2025-10-04 01:20:03,9969.33,INR,bill_payment,net_banking,,DEV000334,GEO000751,False,158558.52
TXN001406,ACC000219,ACC000104,2025-02-07 15:28:56,961.42,INR,cash_deposit,RTGS,,DEV000334,GEO000750,False,37564.02
TXN001407,ACC000219,ACC000090,2025-01-25 02:54:21,13700.19,INR,transfer,UPI,,DEV000334,GEO000750,False,416829.67
TXN001408,ACC000220,ACC000152,2025-03-19 00:03:57,31035.06,INR,bill_payment,ATM,BENE000550,DEV000336,GEO000752,False,92740.4
TXN001409,ACC000220,ACC000076,2025-11-27 19:12:12,59779.13,INR,cash_withdrawal,RTGS,,DEV000336,GEO000754,False,390085.63
TXN001410,ACC000220,ACC000127,2025-06-17 11:33:33,1735.23,INR,upi_p2p,NEFT,BENE000548,DEV000335,GEO000752,False,461579.49
TXN001411,ACC000220,ACC000002,2025-09-26 16:18:22,50249.05,INR,cash_deposit,IMPS,BENE000549,DEV000335,GEO000754,False,315307.59
TXN001412,ACC000162,ACC000120,2025-03-26 19:34:18,38847.23,INR,cash_deposit,UPI,BENE000415,DEV000251,GEO000550,False,243594.74
TXN001413,ACC000157,ACC000120,2025-03-26 22:29:18,48432.98,INR,cash_deposit,IMPS,BENE000401,DEV000241,GEO000534,False,201241.1
TXN001414,ACC000216,ACC000120,2025-03-26 18:39:18,48673.45,INR,cash_deposit,branch,BENE000539,DEV000330,GEO000743,False,198717.09
TXN001415,ACC000181,ACC000120,2025-03-26 17:05:18,42990.69,INR,cash_deposit,branch,BENE000461,DEV000277,GEO000619,False,365736.08
TXN001416,ACC000107,ACC000120,2025-03-26 14:30:18,45440.26,INR,cash_deposit,IMPS,BENE000260,DEV000165,GEO000370,False,272964.31
TXN001417,ACC000141,ACC000120,2025-03-26 15:04:18,38125.91,INR,cash_deposit,branch,BENE000352,DEV000217,GEO000483,False,30292.43
TXN001418,ACC000120,ACC000209,2025-03-26 19:27:52,243024.6,INR,transfer,NEFT,BENE000298,DEV000185,GEO000419,False,299130.45
TXN001419,ACC000209,ACC000047,2025-03-26 21:37:14,209840.48,INR,transfer,net_banking,BENE000525,DEV000319,GEO000717,False,312017.21
TXN001420,ACC000047,ACC000057,2025-03-27 01:17:16,179447.13,INR,transfer,IMPS,BENE000115,DEV000072,GEO000161,False,331131.52
TXN001421,ACC000100,ACC000053,2025-05-18 06:10:49,38504.21,INR,cash_deposit,UPI,BENE000243,DEV000154,GEO000345,False,462938.7
TXN001422,ACC000133,ACC000053,2025-05-18 07:40:49,43908.64,INR,cash_deposit,IMPS,BENE000333,DEV000205,GEO000460,False,61267.03
TXN001423,ACC000014,ACC000053,2025-05-18 13:11:49,44845.29,INR,cash_deposit,UPI,BENE000037,DEV000021,GEO000050,False,443271.2
TXN001424,ACC000033,ACC000053,2025-05-18 08:39:49,46764.02,INR,cash_deposit,branch,BENE000081,DEV000050,GEO000118,False,298961.87
TXN001425,ACC000090,ACC000053,2025-05-18 10:09:49,39718.19,INR,cash_deposit,branch,BENE000220,DEV000136,GEO000314,False,158133.77
TXN001426,ACC000059,ACC000053,2025-05-18 10:47:49,42368.69,INR,cash_deposit,UPI,BENE000144,DEV000089,GEO000204,False,420337.87
TXN001427,ACC000074,ACC000053,2025-05-18 09:07:49,44230.25,INR,cash_deposit,UPI,BENE000178,DEV000111,GEO000255,False,225005.96
TXN001428,ACC000142,ACC000053,2025-05-18 06:27:49,46714.35,INR,cash_deposit,branch,BENE000356,DEV000220,GEO000485,False,177306.41
TXN001429,ACC000053,ACC000161,2025-05-18 10:28:34,334459.14,INR,transfer,IMPS,BENE000129,DEV000081,GEO000183,False,212200.12
TXN001430,ACC000161,ACC000136,2025-05-18 13:12:37,301951.23,INR,transfer,net_banking,BENE000412,DEV000248,GEO000549,False,128574.37
TXN001431,ACC000136,ACC000185,2025-05-18 14:35:08,265546.6,INR,transfer,NEFT,BENE000340,DEV000211,GEO000470,False,133408.79
TXN001432,ACC000048,ACC000020,2025-05-14 20:53:25,40458.63,INR,cash_deposit,UPI,BENE000116,DEV000074,GEO000166,False,361618.28
TXN001433,ACC000035,ACC000020,2025-05-14 16:45:25,44585.7,INR,cash_deposit,IMPS,BENE000088,DEV000053,GEO000127,False,468427.98
TXN001434,ACC000121,ACC000020,2025-05-14 21:33:25,44678.47,INR,cash_deposit,branch,BENE000300,DEV000186,GEO000423,False,277310.76
TXN001435,ACC000045,ACC000020,2025-05-14 17:58:25,48132.73,INR,cash_deposit,UPI,BENE000109,DEV000069,GEO000156,False,273922.37
TXN001436,ACC000055,ACC000020,2025-05-14 14:46:25,42303.94,INR,cash_deposit,branch,BENE000136,DEV000084,GEO000189,False,496916.33
TXN001437,ACC000180,ACC000020,2025-05-14 22:48:25,47747.0,INR,cash_deposit,branch,BENE000459,DEV000276,GEO000617,False,427913.8
TXN001438,ACC000009,ACC000020,2025-05-14 16:21:25,44482.11,INR,cash_deposit,UPI,BENE000027,DEV000015,GEO000032,False,244945.59
TXN001439,ACC000135,ACC000020,2025-05-14 18:21:25,40181.02,INR,cash_deposit,IMPS,BENE000335,DEV000208,GEO000467,False,67497.45
TXN001440,ACC000040,ACC000020,2025-05-15 00:18:25,49480.35,INR,cash_deposit,branch,BENE000096,DEV000061,GEO000145,False,93835.61
TXN001441,ACC000020,ACC000028,2025-05-14 20:55:14,346854.47,INR,transfer,NEFT,BENE000051,DEV000032,GEO000071,False,466592.97
TXN001442,ACC000028,ACC000038,2025-05-14 22:43:04,324833.24,INR,transfer,net_banking,BENE000068,DEV000044,GEO000100,False,69193.68
TXN001443,ACC000038,ACC000032,2025-05-15 03:08:52,276953.77,INR,transfer,net_banking,BENE000092,DEV000059,GEO000138,False,212216.64
TXN001444,ACC000196,ACC000115,2025-04-30 15:39:39,43937.06,INR,cash_deposit,UPI,BENE000498,DEV000299,GEO000671,False,247827.37
TXN001445,ACC000061,ACC000115,2025-04-30 13:52:39,44953.47,INR,cash_deposit,UPI,BENE000151,DEV000091,GEO000210,False,410119.27
TXN001446,ACC000170,ACC000115,2025-04-30 14:06:39,41774.94,INR,cash_deposit,UPI,BENE000434,DEV000263,GEO000581,False,29731.9
TXN001447,ACC000118,ACC000115,2025-04-30 20:13:39,41721.49,INR,cash_deposit,branch,BENE000291,DEV000180,GEO000409,False,15697.77
TXN001448,ACC000058,ACC000115,2025-04-30 19:22:39,47068.93,INR,cash_deposit,branch,BENE000143,DEV000088,GEO000200,False,92968.22
TXN001449,ACC000015,ACC000115,2025-04-30 20:02:39,49418.29,INR,cash_deposit,UPI,BENE000039,DEV000022,GEO000052,False,234252.27
TXN001450,ACC000097,ACC000115,2025-04-30 16:23:39,40343.15,INR,cash_deposit,UPI,BENE000234,DEV000149,GEO000335,False,201502.74
TXN001451,ACC000115,ACC000075,2025-04-30 19:39:55,267018.1,INR,transfer,NEFT,BENE000285,DEV000177,GEO000400,False,398278.29
TXN001452,ACC000075,ACC000129,2025-04-30 21:20:30,236182.77,INR,transfer,IMPS,BENE000184,DEV000112,GEO000257,False,364234.36
TXN001453,ACC000129,ACC000018,2025-04-30 23:00:11,214814.62,INR,transfer,IMPS,BENE000325,DEV000199,GEO000447,False,390969.11
TXN001454,ACC000202,ACC000002,2025-08-16 18:16:36,42922.32,INR,cash_deposit,IMPS,BENE000510,DEV000308,GEO000689,False,463075.86
TXN001455,ACC000156,ACC000002,2025-08-16 22:45:36,47549.67,INR,cash_deposit,IMPS,BENE000399,DEV000240,GEO000530,False,203014.15
TXN001456,ACC000176,ACC000002,2025-08-17 00:05:36,45617.14,INR,cash_deposit,UPI,BENE000447,DEV000272,GEO000603,False,364735.32
TXN001457,ACC000076,ACC000002,2025-08-16 20:14:36,44597.28,INR,cash_deposit,UPI,BENE000187,DEV000114,GEO000259,False,323198.75
TXN001458,ACC000106,ACC000002,2025-08-16 18:58:36,39201.6,INR,cash_deposit,IMPS,BENE000259,DEV000163,GEO000367,False,287583.39
TXN001459,ACC000086,ACC000002,2025-08-17 00:39:36,46142.78,INR,cash_deposit,branch,BENE000211,DEV000128,GEO000295,False,295049.38
TXN001460,ACC000145,ACC000002,2025-08-16 20:47:36,47359.48,INR,cash_deposit,branch,BENE000365,DEV000224,GEO000498,False,411949.48
TXN001461,ACC000108,ACC000002,2025-08-16 22:51:36,41410.89,INR,cash_deposit,branch,BENE000264,DEV000166,GEO000373,False,487704.47
TXN001462,ACC000002,ACC000201,2025-08-16 18:47:59,332423.1,INR,transfer,NEFT,BENE000005,DEV000003,GEO000007,False,466460.03
TXN001463,ACC000201,ACC000085,2025-08-16 20:56:22,283209.2,INR,transfer,IMPS,BENE000509,DEV000306,GEO000685,False,370914.94
TXN001464,ACC000085,ACC000051,2025-08-17 02:52:41,270487.82,INR,transfer,IMPS,BENE000207,DEV000127,GEO000290,False,150785.44
TXN001465,ACC000088,ACC000109,2025-06-13 17:12:28,46224.02,INR,cash_deposit,branch,BENE000215,DEV000132,GEO000303,False,103309.74
TXN001466,ACC000052,ACC000109,2025-06-13 19:23:28,45394.04,INR,cash_deposit,IMPS,BENE000127,DEV000080,GEO000177,False,273781.12
TXN001467,ACC000173,ACC000109,2025-06-13 15:22:28,38775.01,INR,cash_deposit,IMPS,BENE000441,DEV000267,GEO000592,False,100764.33
TXN001468,ACC000068,ACC000109,2025-06-13 14:46:28,44618.65,INR,cash_deposit,UPI,BENE000167,DEV000104,GEO000234,False,374049.11
TXN001469,ACC000150,ACC000109,2025-06-13 20:13:28,44893.77,INR,cash_deposit,IMPS,BENE000381,DEV000232,GEO000512,False,162959.08
TXN001470,ACC000117,ACC000109,2025-06-13 17:43:28,45897.03,INR,cash_deposit,IMPS,BENE000288,DEV000179,GEO000407,False,271246.74
TXN001471,ACC000036,ACC000109,2025-06-13 10:28:28,47847.63,INR,cash_deposit,UPI,BENE000089,DEV000056,GEO000129,False,402188.49
TXN001472,ACC000109,ACC000112,2025-06-13 15:31:04,255956.15,INR,transfer,IMPS,BENE000268,DEV000169,GEO000379,False,165941.44
TXN001473,ACC000112,ACC000158,2025-06-13 19:50:43,233618.5,INR,transfer,IMPS,BENE000275,DEV000172,GEO000390,False,444345.28
TXN001474,ACC000158,ACC000095,2025-06-13 22:36:20,226363.19,INR,transfer,IMPS,BENE000405,DEV000243,GEO000538,False,138023.99
TXN001475,EXT_UNKNOWN,ACC000010,2025-10-14 05:34:41,883303.21,USD,transfer,net_banking,BENE000028,DEV000016,GEO000038,True,490881.28
TXN001476,ACC000010,ACC000130,2025-10-14 07:24:07,291299.34,INR,transfer,net_banking,BENE000029,DEV000016,GEO000039,False,389690.76
TXN001477,ACC000010,ACC000038,2025-10-14 10:07:04,289232.59,INR,transfer,net_banking,BENE000030,DEV000016,GEO000040,False,311805.91
TXN001478,ACC000010,ACC000146,2025-10-14 12:06:08,265680.04,INR,transfer,IMPS,BENE000029,DEV000016,GEO000037,False,230623.93
TXN001479,ACC000130,ACC000200,2025-10-14 13:06:27,45518.28,INR,transfer,UPI,BENE000326,DEV000200,GEO000451,False,442067.83
TXN001480,ACC000130,ACC000158,2025-10-14 14:24:20,45812.06,INR,transfer,IMPS,BENE000326,DEV000200,GEO000448,False,412137.11
TXN001481,ACC000038,ACC000023,2025-10-14 17:57:39,46216.37,INR,transfer,IMPS,BENE000092,DEV000059,GEO000137,False,492230.94
TXN001482,ACC000038,ACC000032,2025-10-14 20:29:39,46087.57,INR,transfer,IMPS,BENE000092,DEV000059,GEO000139,False,248703.39
TXN001483,ACC000146,ACC000142,2025-10-14 22:05:33,44823.51,INR,transfer,UPI,BENE000370,DEV000226,GEO000499,False,231921.69
TXN001484,ACC000146,ACC000112,2025-10-14 22:49:29,44706.63,INR,transfer,IMPS,BENE000367,DEV000226,GEO000502,False,185427.35
TXN001485,ACC000200,ACC000128,2025-10-15 03:46:08,35576.85,INR,cash_withdrawal,ATM,BENE000507,DEV000305,GEO000682,False,253258.45
TXN001486,ACC000158,ACC000103,2025-10-15 06:44:46,26968.93,INR,cash_withdrawal,ATM,BENE000402,DEV000243,GEO000540,False,479782.93
TXN001487,ACC000023,ACC000159,2025-10-15 10:19:47,25762.03,INR,cash_withdrawal,branch,BENE000059,DEV000035,GEO000081,False,340948.12
TXN001488,ACC000032,ACC000182,2025-10-15 11:38:29,40262.66,INR,cash_withdrawal,ATM,BENE000076,DEV000049,GEO000114,False,78188.46
TXN001489,ACC000142,ACC000188,2025-10-15 14:41:36,36306.01,INR,cash_withdrawal,ATM,BENE000356,DEV000220,GEO000485,False,324779.15
TXN001490,ACC000112,ACC000109,2025-10-15 17:23:29,39716.03,INR,cash_withdrawal,ATM,BENE000273,DEV000172,GEO000392,False,24490.58
TXN001491,EXT_UNKNOWN,ACC000205,2025-09-16 15:11:13,465977.59,USD,transfer,net_banking,BENE000518,DEV000313,GEO000698,True,194423.49
TXN001492,ACC000205,ACC000186,2025-09-16 17:12:13,143380.8,INR,transfer,net_banking,BENE000518,DEV000313,GEO000700,False,460738.79
TXN001493,ACC000205,ACC000126,2025-09-16 18:18:36,144704.41,INR,transfer,net_banking,BENE000518,DEV000313,GEO000700,False,256005.21
TXN001494,ACC000205,ACC000156,2025-09-16 19:50:40,147847.92,INR,transfer,net_banking,BENE000518,DEV000313,GEO000698,False,345567.99
TXN001495,ACC000186,ACC000216,2025-09-16 20:23:27,43598.64,INR,transfer,UPI,BENE000476,DEV000286,GEO000638,False,420092.31
TXN001496,ACC000186,ACC000083,2025-09-16 23:11:41,48118.3,INR,transfer,IMPS,BENE000477,DEV000286,GEO000637,False,316430.68
TXN001497,ACC000126,ACC000065,2025-09-17 02:04:46,46827.77,INR,transfer,UPI,BENE000316,DEV000195,GEO000435,False,322210.02
TXN001498,ACC000126,ACC000150,2025-09-17 04:24:58,45105.47,INR,transfer,IMPS,BENE000316,DEV000195,GEO000439,False,132440.35
TXN001499,ACC000156,ACC000152,2025-09-17 06:00:19,49291.34,INR,transfer,IMPS,BENE000399,DEV000240,GEO000530,False,32881.81
TXN001500,ACC000156,ACC000219,2025-09-17 09:36:45,48936.2,INR,transfer,IMPS,BENE000399,DEV000240,GEO000531,False,425565.05
TXN001501,ACC000216,ACC000129,2025-09-17 11:00:20,29465.36,INR,cash_withdrawal,branch,BENE000539,DEV000331,GEO000742,False,409748.61
TXN001502,ACC000083,ACC000031,2025-09-17 14:59:58,31246.99,INR,cash_withdrawal,branch,BENE000205,DEV000123,GEO000286,False,309337.18
TXN001503,ACC000065,ACC000073,2025-09-17 17:55:09,38590.18,INR,cash_withdrawal,branch,BENE000159,DEV000098,GEO000222,False,402343.98
TXN001504,ACC000150,ACC000113,2025-09-17 21:14:36,24643.33,INR,cash_withdrawal,branch,BENE000384,DEV000232,GEO000512,False,287677.98
TXN001505,ACC000152,ACC000080,2025-09-17 23:03:50,39704.44,INR,cash_withdrawal,branch,BENE000391,DEV000235,GEO000517,False,476935.64
TXN001506,ACC000219,ACC000213,2025-09-18 03:13:43,16792.63,INR,cash_withdrawal,branch,BENE000547,DEV000334,GEO000750,False,110096.27
TXN001507,EXT_UNKNOWN,ACC000141,2025-08-13 15:22:25,653015.96,USD,transfer,net_banking,BENE000354,DEV000217,GEO000483,True,291563.79
TXN001508,ACC000141,ACC000007,2025-08-13 17:07:08,205765.46,INR,transfer,IMPS,BENE000355,DEV000217,GEO000483,False,53125.83
TXN001509,ACC000141,ACC000166,2025-08-13 18:36:10,208084.85,INR,transfer,IMPS,BENE000353,DEV000217,GEO000483,False,166381.94
TXN001510,ACC000141,ACC000131,2025-08-13 20:01:25,211255.47,INR,transfer,IMPS,BENE000353,DEV000218,GEO000483,False,88350.12
TXN001511,ACC000007,ACC000026,2025-08-13 20:50:25,47827.17,INR,transfer,IMPS,BENE000021,DEV000012,GEO000022,False,269234.54
TXN001512,ACC000007,ACC000178,2025-08-13 23:22:51,47166.62,INR,transfer,IMPS,BENE000020,DEV000012,GEO000025,False,146526.84
TXN001513,ACC000166,ACC000021,2025-08-14 01:13:33,43415.84,INR,transfer,UPI,BENE000424,DEV000257,GEO000564,False,173343.08
TXN001514,ACC000166,ACC000114,2025-08-14 03:56:19,42102.47,INR,transfer,IMPS,BENE000424,DEV000257,GEO000565,False,134599.65
TXN001515,ACC000131,ACC000009,2025-08-14 07:42:01,48684.51,INR,transfer,IMPS,BENE000327,DEV000202,GEO000456,False,2465.76
TXN001516,ACC000131,ACC000051,2025-08-14 08:14:46,39857.96,INR,transfer,UPI,BENE000329,DEV000202,GEO000453,False,202840.26
TXN001517,ACC000026,ACC000053,2025-08-14 11:13:46,32429.32,INR,cash_withdrawal,branch,BENE000065,DEV000041,GEO000093,False,419050.79
TXN001518,ACC000178,ACC000204,2025-08-14 14:44:02,25438.31,INR,cash_withdrawal,ATM,BENE000454,DEV000274,GEO000612,False,347303.43
TXN001519,ACC000021,ACC000119,2025-08-14 18:52:57,22770.64,INR,cash_withdrawal,branch,BENE000054,DEV000033,GEO000074,False,145019.15
TXN001520,ACC000114,ACC000172,2025-08-14 22:14:56,21516.83,INR,cash_withdrawal,branch,BENE000280,DEV000174,GEO000395,False,480909.86
TXN001521,ACC000009,ACC000047,2025-08-15 01:36:13,41169.6,INR,cash_withdrawal,ATM,BENE000027,DEV000015,GEO000035,False,279357.3
TXN001522,ACC000051,ACC000212,2025-08-15 02:57:09,25182.01,INR,cash_withdrawal,branch,BENE000124,DEV000078,GEO000172,False,207517.61
TXN001523,EXT_UNKNOWN,ACC000101,2025-03-03 06:38:07,400747.83,USD,transfer,net_banking,BENE000244,DEV000155,GEO000349,True,139664.54
TXN001524,ACC000101,ACC000090,2025-03-03 09:09:48,132536.92,INR,transfer,IMPS,BENE000244,DEV000155,GEO000347,False,135063.77
TXN001525,ACC000101,ACC000048,2025-03-03 11:08:04,120753.57,INR,transfer,IMPS,BENE000244,DEV000155,GEO000349,False,445660.54
TXN001526,ACC000101,ACC000062,2025-03-03 12:51:18,128469.03,INR,transfer,net_banking,BENE000244,DEV000155,GEO000346,False,307519.82
TXN001527,ACC000090,ACC000170,2025-03-03 14:30:03,45310.14,INR,transfer,IMPS,BENE000219,DEV000136,GEO000313,False,147589.08
TXN001528,ACC000090,ACC000177,2025-03-03 17:09:34,40429.82,INR,transfer,IMPS,BENE000220,DEV000136,GEO000312,False,425881.62
TXN001529,ACC000048,ACC000117,2025-03-03 20:50:15,42994.23,INR,transfer,UPI,BENE000116,DEV000074,GEO000164,False,55911.79
TXN001530,ACC000048,ACC000193,2025-03-03 22:40:50,43630.59,INR,transfer,UPI,BENE000116,DEV000073,GEO000166,False,284238.22
TXN001531,ACC000062,ACC000149,2025-03-04 01:55:07,42102.1,INR,transfer,UPI,BENE000152,DEV000094,GEO000213,False,320040.03
TXN001532,ACC000062,ACC000167,2025-03-04 04:07:10,43044.72,INR,transfer,UPI,BENE000152,DEV000094,GEO000212,False,14136.58
TXN001533,ACC000170,ACC000148,2025-03-04 08:47:32,41156.15,INR,cash_withdrawal,branch,BENE000434,DEV000263,GEO000580,False,172294.26
TXN001534,ACC000177,ACC000024,2025-03-04 12:34:15,41426.78,INR,cash_withdrawal,branch,BENE000450,DEV000273,GEO000607,False,241074.46
TXN001535,ACC000117,ACC000214,2025-03-04 13:53:01,39586.33,INR,cash_withdrawal,branch,BENE000289,DEV000179,GEO000406,False,377759.12
TXN001536,ACC000193,ACC000197,2025-03-04 18:41:19,16784.83,INR,cash_withdrawal,ATM,BENE000491,DEV000296,GEO000664,False,187521.89
TXN001537,ACC000149,ACC000088,2025-03-04 21:21:31,30667.01,INR,cash_withdrawal,ATM,BENE000379,DEV000229,GEO000509,False,58113.9
TXN001538,ACC000167,ACC000184,2025-03-05 00:59:37,30885.73,INR,cash_withdrawal,ATM,BENE000426,DEV000258,GEO000570,False,32700.3
TXN001539,EXT_UNKNOWN,ACC000061,2025-10-26 06:31:23,404038.61,USD,transfer,net_banking,BENE000151,DEV000091,GEO000211,True,122686.25
TXN001540,ACC000061,ACC000059,2025-10-26 08:15:42,127076.16,INR,transfer,net_banking,BENE000150,DEV000091,GEO000210,False,251522.18
TXN001541,ACC000061,ACC000057,2025-10-26 08:54:40,130950.08,INR,transfer,net_banking,BENE000150,DEV000092,GEO000210,False,103859.08
TXN001542,ACC000061,ACC000153,2025-10-26 09:37:19,122451.97,INR,transfer,net_banking,BENE000150,DEV000091,GEO000211,False,241209.16
TXN001543,ACC000059,ACC000154,2025-10-26 11:33:57,45260.03,INR,transfer,UPI,BENE000146,DEV000089,GEO000204,False,274847.54
TXN001544,ACC000059,ACC000094,2025-10-26 12:24:24,45074.1,INR,transfer,IMPS,BENE000145,DEV000089,GEO000204,False,65308.08
TXN001545,ACC000057,ACC000020,2025-10-26 15:34:12,47647.92,INR,transfer,UPI,BENE000140,DEV000087,GEO000198,False,431998.7
TXN001546,ACC000057,ACC000217,2025-10-26 18:56:49,45550.28,INR,transfer,IMPS,BENE000140,DEV000086,GEO000198,False,471090.79
TXN001547,ACC000153,ACC000025,2025-10-26 20:04:27,46545.03,INR,transfer,UPI,BENE000392,DEV000236,GEO000520,False,93158.41
TXN001548,ACC000153,ACC000123,2025-10-26 20:45:50,49027.78,INR,transfer,IMPS,BENE000394,DEV000236,GEO000520,False,455066.85
TXN001549,ACC000154,ACC000102,2025-10-26 21:20:56,23813.91,INR,cash_withdrawal,ATM,BENE000395,DEV000237,GEO000522,False,48822.98
TXN001550,ACC000094,ACC000036,2025-10-27 01:23:46,15737.33,INR,cash_withdrawal,ATM,BENE000227,DEV000143,GEO000326,False,158203.51
TXN001551,ACC000020,ACC000192,2025-10-27 03:02:54,34940.45,INR,cash_withdrawal,branch,BENE000050,DEV000032,GEO000068,False,212783.03
TXN001552,ACC000217,ACC000043,2025-10-27 04:40:22,37917.72,INR,cash_withdrawal,ATM,BENE000540,DEV000332,GEO000745,False,139659.8
TXN001553,ACC000025,ACC000095,2025-10-27 05:18:52,23626.94,INR,cash_withdrawal,ATM,BENE000062,DEV000039,GEO000089,False,186846.68
TXN001554,ACC000123,ACC000163,2025-10-27 06:26:38,15743.35,INR,cash_withdrawal,ATM,BENE000303,DEV000189,GEO000427,False,128756.96
TXN001555,ACC000102,ACC000008,2025-07-22 17:37:22,43912.66,INR,transfer,net_banking,BENE000247,DEV000157,GEO000351,False,495756.03
TXN001556,ACC000022,ACC000008,2025-07-22 18:38:22,41378.21,INR,transfer,UPI,BENE000056,DEV000034,GEO000077,False,458663.38
TXN001557,ACC000119,ACC000008,2025-07-22 16:44:22,97720.23,INR,transfer,UPI,BENE000296,DEV000183,GEO000413,False,108400.55
TXN001558,ACC000186,ACC000008,2025-07-22 18:22:22,54094.38,INR,transfer,UPI,BENE000476,DEV000286,GEO000638,False,321373.53
TXN001559,ACC000025,ACC000008,2025-07-22 18:55:22,138435.62,INR,transfer,UPI,BENE000064,DEV000040,GEO000092,False,310590.52
TXN001560,ACC000036,ACC000008,2025-07-22 17:51:22,148644.68,INR,transfer,UPI,BENE000089,DEV000055,GEO000131,False,164989.65
TXN001561,ACC000008,ACC000087,2025-07-22 21:32:23,471767.2,INR,transfer,net_banking,BENE000026,DEV000013,GEO000027,False,85734.32
TXN001562,ACC000088,ACC000152,2025-03-17 04:25:20,120889.19,INR,transfer,net_banking,BENE000216,DEV000131,GEO000307,False,292965.49
TXN001563,ACC000003,ACC000152,2025-03-17 03:03:20,45309.36,INR,transfer,UPI,BENE000009,DEV000005,GEO000011,False,238642.78
TXN001564,ACC000124,ACC000152,2025-03-17 05:33:20,74504.07,INR,transfer,IMPS,BENE000309,DEV000192,GEO000431,False,267206.07
TXN001565,ACC000081,ACC000152,2025-03-17 03:08:20,56588.09,INR,transfer,UPI,BENE000199,DEV000121,GEO000275,False,432622.64
TXN001566,ACC000152,ACC000012,2025-03-17 07:41:02,267561.64,INR,transfer,net_banking,BENE000389,DEV000235,GEO000516,True,454446.15
TXN001567,ACC000201,ACC000080,2025-03-13 08:31:44,21354.85,INR,transfer,UPI,BENE000508,DEV000306,GEO000687,False,24732.76
TXN001568,ACC000085,ACC000080,2025-03-13 08:08:44,105300.43,INR,transfer,net_banking,BENE000207,DEV000127,GEO000289,False,281348.8
TXN001569,ACC000018,ACC000080,2025-03-13 08:35:44,130918.05,INR,transfer,UPI,BENE000048,DEV000028,GEO000063,False,374246.87
TXN001570,ACC000009,ACC000080,2025-03-13 07:07:44,133902.23,INR,transfer,UPI,BENE000027,DEV000015,GEO000033,False,61874.96
TXN001571,ACC000080,ACC000200,2025-03-13 13:54:09,352328.0,INR,transfer,net_banking,BENE000197,DEV000120,GEO000273,True,277205.09
TXN001572,ACC000128,ACC000001,2025-02-24 07:19:10,61502.69,INR,transfer,net_banking,BENE000322,DEV000198,GEO000443,False,239549.63
TXN001573,ACC000084,ACC000001,2025-02-24 09:17:10,32501.89,INR,transfer,UPI,BENE000206,DEV000125,GEO000287,False,40838.9
TXN001574,ACC000196,ACC000001,2025-02-24 08:29:10,32854.67,INR,transfer,UPI,BENE000498,DEV000299,GEO000672,False,438575.63
TXN001575,ACC000067,ACC000001,2025-02-24 09:26:10,32708.94,INR,transfer,UPI,BENE000164,DEV000103,GEO000230,False,152424.1
TXN001576,ACC000218,ACC000001,2025-02-24 08:24:10,106970.9,INR,transfer,IMPS,BENE000542,DEV000333,GEO000748,False,46915.8
TXN001577,ACC000001,ACC000062,2025-02-24 09:13:52,239885.18,INR,transfer,net_banking,BENE000002,DEV000002,GEO000003,False,454410.83
TXN001578,ACC000209,ACC000120,2025-09-24 23:52:52,146067.87,INR,transfer,IMPS,BENE000526,DEV000320,GEO000718,False,190901.63
TXN001579,ACC000052,ACC000120,2025-09-25 00:47:52,44377.9,INR,transfer,UPI,BENE000125,DEV000079,GEO000177,False,459067.37
TXN001580,ACC000115,ACC000120,2025-09-25 01:05:52,59216.51,INR,transfer,net_banking,BENE000283,DEV000176,GEO000401,False,499379.17
TXN001581,ACC000034,ACC000120,2025-09-24 23:41:52,52435.47,INR,transfer,IMPS,BENE000084,DEV000051,GEO000120,False,438612.3
TXN001582,ACC000120,ACC000220,2025-09-25 01:26:16,271887.98,INR,transfer,net_banking,BENE000298,DEV000184,GEO000417,False,166416.63
TXN001583,ACC000181,ACC000183,2025-09-20 21:30:26,76334.52,INR,transfer,IMPS,BENE000461,DEV000277,GEO000619,False,274385.89
TXN001584,ACC000178,ACC000183,2025-09-20 20:09:26,63827.57,INR,transfer,net_banking,BENE000455,DEV000274,GEO000610,False,156632.05
TXN001585,ACC000105,ACC000183,2025-09-20 19:00:26,20262.16,INR,transfer,net_banking,BENE000258,DEV000162,GEO000362,False,404554.31
TXN001586,ACC000136,ACC000183,2025-09-20 20:40:26,95887.43,INR,transfer,IMPS,BENE000340,DEV000211,GEO000470,False,302650.0
TXN001587,ACC000164,ACC000183,2025-09-20 20:50:26,94127.7,INR,transfer,IMPS,BENE000420,DEV000253,GEO000559,False,53877.48
TXN001588,ACC000197,ACC000183,2025-09-20 21:21:26,111098.3,INR,transfer,IMPS,BENE000501,DEV000301,GEO000675,False,469600.97
TXN001589,ACC000006,ACC000183,2025-09-20 20:23:26,47066.94,INR,transfer,UPI,BENE000018,DEV000010,GEO000021,False,426017.15
TXN001590,ACC000183,ACC000194,2025-09-20 21:47:45,457744.16,INR,transfer,net_banking,BENE000467,DEV000281,GEO000624,True,202699.46
TXN001591,ACC000006,ACC000088,2025-08-11 06:12:45,489260.33,INR,transfer,mobile_app,BENE000018,DEV000011,GEO000021,True,222582.03
TXN001592,ACC000067,ACC000198,2025-03-17 18:56:41,257926.22,INR,transfer,mobile_app,BENE000165,DEV000103,GEO000230,False,463295.3
TXN001593,ACC000095,ACC000193,2025-08-10 10:24:58,374130.7,INR,transfer,mobile_app,BENE000231,DEV000146,GEO000330,False,70866.69
TXN001594,ACC000103,ACC000202,2025-05-25 10:06:04,360264.66,INR,transfer,mobile_app,BENE000251,DEV000160,GEO000354,True,308366.64
TXN001595,ACC000115,ACC000013,2025-05-02 10:06:10,371820.73,INR,transfer,mobile_app,BENE000285,DEV000177,GEO000401,True,387162.13
TXN001596,ACC000160,ACC000011,2025-09-10 18:03:30,392331.48,INR,transfer,mobile_app,BENE000410,DEV000247,GEO000547,False,266220.38
TXN001597,ACC000176,ACC000155,2025-05-11 12:44:06,825715.6,INR,transfer,mobile_app,BENE000447,DEV000272,GEO000604,False,151439.29
TXN001598,ACC000202,ACC000016,2025-03-02 20:26:08,210012.38,INR,transfer,mobile_app,BENE000510,DEV000309,GEO000691,False,154599.29
